Country Name,Country Code,Year,GDP_PPP,Health_Expenditure,Gini
Afghanistan,AFG,1980,,,
Afghanistan,AFG,1990,,,
Afghanistan,AFG,2000,829.2487474978943,16.70697403,
Afghanistan,AFG,2010,1680.494673427146,46.81676941,
Afghanistan,AFG,2020,2368.981235794634,77.51025848399999,
Africa Eastern and Southern,AFE,1980,,,
Africa Eastern and Southern,AFE,1990,1845.79962483755,,
Africa Eastern and Southern,AFE,2000,2176.116856254594,38.5455413563507,
Africa Eastern and Southern,AFE,2010,3200.5380573194298,100.60835480396882,
Africa Eastern and Southern,AFE,2020,3926.0583631140717,88.56820168416859,
Africa Western and Central,AFW,1980,,,
Africa Western and Central,AFW,1990,2170.2027324424866,,
Africa Western and Central,AFW,2000,2518.229761039856,18.859589826092368,
Africa Western and Central,AFW,2010,4325.2117726272645,61.79222618765382,
Africa Western and Central,AFW,2020,5597.7485131782105,65.45029348155722,
Albania,ALB,1980,,,
Albania,ALB,1990,2181.190871081453,,
Albania,ALB,2000,3980.7353032176857,72.70918528333333,31.7
Albania,ALB,2010,9627.39250262039,252.49288940399998,29.5
Albania,ALB,2020,17627.26100759342,416.8331665039999,29.86666666666667
Algeria,DZA,1980,,,
Algeria,DZA,1990,7629.59188160926,,37.4
Algeria,DZA,2000,9217.969842395036,65.19935989666668,
Algeria,DZA,2010,14120.04775395236,253.424337768,27.6
Algeria,DZA,2020,14125.82658871956,222.790930176,
American Samoa,ASM,1980,,,
American Samoa,ASM,1990,,,
American Samoa,ASM,2000,,,
American Samoa,ASM,2010,,,
American Samoa,ASM,2020,,,
Andorra,AND,1980,,,
Andorra,AND,1990,24411.9858323048,,
Andorra,AND,2000,34160.65923533238,1421.1617024733332,
Andorra,AND,2010,44630.864228917,3020.10625,
Andorra,AND,2020,58523.56899037988,3264.165283204,
Angola,AGO,1980,,,
Angola,AGO,1990,3643.80695973183,,
Angola,AGO,2000,3792.0663007830794,23.930571556666667,51.9
Angola,AGO,2010,7547.755591465664,119.557853698,42.7
Angola,AGO,2020,8625.839697865335,75.04570312799999,51.3
Antigua and Barbuda,ATG,1980,,,
Antigua and Barbuda,ATG,1990,13520.998410761598,,
Antigua and Barbuda,ATG,2000,18456.9780513855,550.4710693366666,
Antigua and Barbuda,ATG,2010,25404.394445052018,699.6819702139999,
Antigua and Barbuda,ATG,2020,25824.85613723356,852.822851562,
Arab World,ARB,1980,,,
Arab World,ARB,1990,7161.88966787208,,
Arab World,ARB,2000,9750.96066892489,113.24549911803068,
Arab World,ARB,2010,14886.142423531419,246.92371302113042,
Arab World,ARB,2020,15919.259150807658,332.9374385614512,
Argentina,ARG,1980,,,40.8
Argentina,ARG,1990,7929.046578541616,,46.15
Argentina,ARG,2000,11174.146589616914,527.6103210433333,51.71999999999999
Argentina,ARG,2010,17968.370444220018,1016.880078124,43.32
Argentina,ARG,2020,25285.92953398662,1142.393957522,42.160000000000004
Armenia,ARM,1980,,,
Armenia,ARM,1990,2242.82175468012,,
Armenia,ARM,2000,2654.6340852523876,38.925911586666665,35.46666666666667
Armenia,ARM,2010,7660.224986418306,291.697659302,29.24
Armenia,ARM,2020,15528.52806917922,553.587872316,29.060000000000002
Aruba,ABW,1980,,,
Aruba,ABW,1990,22907.281139338433,,
Aruba,ABW,2000,29846.572646959277,,
Aruba,ABW,2010,35278.83391013884,,
Aruba,ABW,2020,36709.849373238896,,
Australia,AUS,1980,,,31.3
Australia,AUS,1990,17827.759816118767,,33.2
Australia,AUS,2000,26653.966669386202,1643.3489176433334,33.5
Australia,AUS,2010,40542.98947499762,4987.3181640640005,35.05
Australia,AUS,2020,56374.36421040665,6234.229394534,34.05
Austria,AUT,1980,,,
Austria,AUT,1990,20380.174615482963,,
Austria,AUT,2000,28751.481967380678,2382.978108723333,30.0
Austria,AUT,2010,42759.393245332045,5002.293261716,30.7
Austria,AUT,2020,62109.779337018146,5745.942382812,30.48
Azerbaijan,AZE,1980,,,
Azerbaijan,AZE,1990,4991.604930194173,,
Azerbaijan,AZE,2000,3476.6195515633,19.555281320000002,30.9
Azerbaijan,AZE,2010,14638.295625575858,163.978060912,
Azerbaijan,AZE,2020,17957.0704286754,227.38967285200002,
Bahamas,BHS,1980,,,
Bahamas,BHS,1990,19249.79805113263,,
Bahamas,BHS,2000,25136.67664668916,988.54563395,
Bahamas,BHS,2010,30121.88935463142,1450.2130615239998,
Bahamas,BHS,2020,33280.89425621868,1978.325756836,
Bahrain,BHR,1980,,,
Bahrain,BHR,1990,30735.884020778398,,
Bahrain,BHR,2000,44556.48399231236,459.41824341,
Bahrain,BHR,2010,51520.11583570354,880.0165893559999,
Bahrain,BHR,2020,55732.20271142004,1105.7975585959998,
Bangladesh,BGD,1980,,,
Bangladesh,BGD,1990,990.9531854725807,,28.200000000000003
Bangladesh,BGD,2000,1514.24700264881,8.476712226666667,33.4
Bangladesh,BGD,2010,2909.872153793252,20.019448664,32.1
Bangladesh,BGD,2020,6813.897074391122,50.322191618,30.9
Barbados,BRB,1980,,,
Barbados,BRB,1990,11463.406687392568,,
Barbados,BRB,2000,15481.45489734498,651.6341552766667,
Barbados,BRB,2010,20330.68575714984,1174.586328122,
Barbados,BRB,2020,19235.90405483772,1253.0666259779998,
Belarus,BLR,1980,,,
Belarus,BLR,1990,5155.797898663796,,
Belarus,BLR,2000,5824.731529572184,72.12202453666667,31.159999999999997
Belarus,BLR,2010,15587.47493995908,332.08731689600006,27.560000000000002
Belarus,BLR,2020,24648.11129313898,436.72051391599996,24.96666666666667
Belgium,BEL,1980,,,
Belgium,BEL,1990,19520.2133370891,,25.299999999999997
Belgium,BEL,2000,27336.21352569798,1938.1901855466667,33.1
Belgium,BEL,2010,39871.46842038056,4758.43359375,28.2
Belgium,BEL,2020,59019.33023110438,5385.062304688,26.68
Belize,BLZ,1980,,,
Belize,BLZ,1990,5075.2124261933395,,
Belize,BLZ,2000,7334.564171234696,158.31049600999998,54.05000000000001
Belize,BLZ,2010,9695.230994149057,249.195352172,
Belize,BLZ,2020,10962.725728323794,294.207092286,39.9
Benin,BEN,1980,,,
Benin,BEN,1990,1230.1978283747933,,
Benin,BEN,2000,1669.3008314645078,15.87048054,
Benin,BEN,2010,2251.987034445542,30.384131622,43.4
Benin,BEN,2020,3333.463298223146,37.265512086,36.15
Bermuda,BMU,1980,,,
Bermuda,BMU,1990,35879.4210220978,,
Bermuda,BMU,2000,53569.339073366915,,
Bermuda,BMU,2010,72628.54154049975,,
Bermuda,BMU,2020,91914.23149488145,,
Bhutan,BTN,1980,,,
Bhutan,BTN,1990,1711.60129854497,,
Bhutan,BTN,2000,3190.1662935571017,32.872650146666665,
Bhutan,BTN,2010,7251.99248492036,70.315164186,38.8
Bhutan,BTN,2020,13175.266746169718,130.26810913000003,28.5
Bolivia,BOL,1980,,,
Bolivia,BOL,1990,2937.89119085462,,45.55
Bolivia,BOL,2000,4120.280558981978,43.754586536666665,59.075
Bolivia,BOL,2010,6388.2259394691255,104.61098480400001,48.175000000000004
Bolivia,BOL,2020,10970.784318734537,251.66378174000002,41.980000000000004
Bosnia and Herzegovina,BIH,1980,,,
Bosnia and Herzegovina,BIH,1990,1000.1188485536644,,
Bosnia and Herzegovina,BIH,2000,4103.647895750214,110.18642425333333,30.0
Bosnia and Herzegovina,BIH,2010,9250.661025862126,435.32376099000004,33.3
Bosnia and Herzegovina,BIH,2020,17519.06811893894,607.1,30.3
Botswana,BWA,1980,,,
Botswana,BWA,1990,6485.030670735214,,
Botswana,BWA,2000,9277.367934687505,205.35246785333334,61.5
Botswana,BWA,2010,12924.37139596568,379.43112793,56.9
Botswana,BWA,2020,16995.111507937523,448.38811035400005,
Brazil,BRA,1980,,,58.15
Brazil,BRA,1990,6807.987778165149,,59.55
Brazil,BRA,2000,9049.08443968766,277.95488484666663,58.775
Brazil,BRA,2010,14339.504561991862,872.0641723639999,53.5
Brazil,BRA,2020,17117.551663769198,813.7542480459999,52.2
British Virgin Islands,VGB,1980,,,
British Virgin Islands,VGB,1990,,,
British Virgin Islands,VGB,2000,,,
British Virgin Islands,VGB,2010,,,
British Virgin Islands,VGB,2020,,,
Brunei Darussalam,BRN,1980,,,
Brunei Darussalam,BRN,1990,70942.10593469969,,
Brunei Darussalam,BRN,2000,72604.0937811842,491.89792887333334,
Brunei Darussalam,BRN,2010,81593.59613243208,812.25498047,
Brunei Darussalam,BRN,2020,72868.202536932,680.0651367180001,
Bulgaria,BGR,1980,,,
Bulgaria,BGR,1990,7226.760848961217,,27.049999999999997
Bulgaria,BGR,2000,6631.338817019408,120.83255258999999,32.7
Bulgaria,BGR,2010,15112.77871851424,502.82104492400003,34.68
Bulgaria,BGR,2020,29078.904342993024,907.038452146,39.86
Burkina Faso,BFA,1980,,,
Burkina Faso,BFA,1990,604.5323814309477,,
Burkina Faso,BFA,2000,908.57884710238,10.741382916666666,49.9
Burkina Faso,BFA,2010,1452.731411161306,32.492173768,39.8
Burkina Faso,BFA,2020,2363.5761595286203,52.941139220000004,40.2
Burundi,BDI,1980,,,
Burundi,BDI,1990,624.7761173389157,,33.3
Burundi,BDI,2000,529.7885076583223,6.552471953333334,42.1
Burundi,BDI,2010,618.6478938158473,20.124269488,
Burundi,BDI,2020,957.9776389781473,23.155364990000002,37.5
Cabo Verde,CPV,1980,,,
Cabo Verde,CPV,1990,1099.63526272803,,
Cabo Verde,CPV,2000,2977.344531227894,64.07332483666666,52.5
Cabo Verde,CPV,2010,6130.477403692117,147.170811464,
Cabo Verde,CPV,2020,8116.249377830291,245.201828004,
Cambodia,KHM,1980,,,
Cambodia,KHM,1990,1491.3933082871765,,
Cambodia,KHM,2000,1239.808711924938,21.906934103333338,
Cambodia,KHM,2010,3083.582733049512,58.349623108,
Cambodia,KHM,2020,6171.555598695226,110.452038574,
Cameroon,CMR,1980,,,
Cameroon,CMR,1990,1961.51438571979,,
Cameroon,CMR,2000,2115.2531863942017,30.685614903333335,42.1
Cameroon,CMR,2010,2942.3589976042194,54.213083647999994,
Cameroon,CMR,2020,4519.971236369574,65.204541014,42.2
Canada,CAN,1980,,,33.13333333333333
Canada,CAN,1990,20355.047762702303,,31.419999999999998
Canada,CAN,2000,28943.5447966087,2054.9613850933333,33.38
Canada,CAN,2010,40660.2517348813,4957.8786132820005,33.54
Canada,CAN,2020,54002.295783595415,5712.358691406,31.359999999999996
Caribbean small states,CSS,1980,,,
Caribbean small states,CSS,1990,7485.395810638714,,
Caribbean small states,CSS,2000,11624.65543454508,302.297588251544,
Caribbean small states,CSS,2010,19997.6110074661,630.8948362121437,
Caribbean small states,CSS,2020,23209.25387027656,835.01086017452,
Cayman Islands,CYM,1980,,,
Cayman Islands,CYM,1990,,,
Cayman Islands,CYM,2000,,,
Cayman Islands,CYM,2010,68646.55902653102,,
Cayman Islands,CYM,2020,73416.79744814974,,
Central African Republic,CAF,1980,,,
Central African Republic,CAF,1990,603.9070945756956,,59.7
Central African Republic,CAF,2000,660.2235889713556,9.854537963333334,
Central African Republic,CAF,2010,930.7288110009529,19.475365829999998,56.2
Central African Republic,CAF,2020,1060.6706356455202,44.78309555,43.0
Central Europe and the Baltics,CEB,1980,,,
Central Europe and the Baltics,CEB,1990,7122.548121829833,,
Central Europe and the Baltics,CEB,2000,10205.32572522201,257.37970060373834,
Central Europe and the Baltics,CEB,2010,21097.7388767001,884.7789704725689,
Central Europe and the Baltics,CEB,2020,38006.26598596904,1225.558835865884,
Chad,TCD,1980,,,
Chad,TCD,1990,1039.7544646026543,,
Chad,TCD,2000,1116.55938604748,13.244109786666668,
Chad,TCD,2010,2282.128405279852,36.108956909999996,43.3
Chad,TCD,2020,2364.9295473579596,35.386759186,37.45
Channel Islands,CHI,1980,,,
Channel Islands,CHI,1990,,,
Channel Islands,CHI,2000,,,
Channel Islands,CHI,2010,,,
Channel Islands,CHI,2020,,,
Chile,CHL,1980,,,
Chile,CHL,1990,4964.387735536597,,56.0
Chile,CHL,2000,9394.60469021977,332.1386413566667,54.15
Chile,CHL,2010,18346.610202202082,873.278857422,47.15
Chile,CHL,2020,27257.912645719956,1433.749389646,45.1
China,CHN,1980,,,28.2
China,CHN,1990,1123.9393176933024,,32.2
China,CHN,2000,2997.1612154891504,45.69744746,40.35
China,CHN,2010,9489.80230114008,202.296719362,42.825
China,CHN,2020,19208.409725238984,610.349450684,37.1
Colombia,COL,1980,,,55.1
Colombia,COL,1990,5299.854149336854,,52.125
Colombia,COL,2000,6843.469208447554,135.12462361666667,57.55
Colombia,COL,2010,11063.21577603208,452.87584228599997,54.08
Colombia,COL,2020,17035.4598378702,514.7025085419999,53.67999999999999
Comoros,COM,1980,,,
Comoros,COM,1990,1528.3632509317267,,
Comoros,COM,2000,1791.250008516488,48.02089564,
Comoros,COM,2010,2417.8697148671463,74.15119171199999,
Comoros,COM,2020,3366.693304570474,93.49005127,34.2
Congo,COG,1980,,,
Congo,COG,1990,3526.8336199947603,,
Congo,COG,2000,3673.984738925398,18.21503703,
Congo,COG,2010,5121.514602741892,59.484748077999996,48.9
Congo,COG,2020,5798.893281398736,63.509809876000006,
Costa Rica,CRI,1980,,,47.5
Costa Rica,CRI,1990,5276.783529394207,,45.725
Costa Rica,CRI,2000,7879.897422605832,262.57571411,48.779999999999994
Costa Rica,CRI,2010,13150.219628748378,652.1647216819999,48.879999999999995
Costa Rica,CRI,2020,23403.34256055936,954.7252319319999,48.260000000000005
Cote d'Ivoire,CIV,1980,,,
Cote d'Ivoire,CIV,1990,2664.9868029075265,,38.15
Cote d'Ivoire,CIV,2000,3000.8592659871642,31.15587425,40.15
Cote d'Ivoire,CIV,2010,3223.931339509268,68.7251709,43.2
Cote d'Ivoire,CIV,2020,5754.103068140398,78.091389464,36.25
Croatia,HRV,1980,,,
Croatia,HRV,1990,8256.721771349803,,22.8
Croatia,HRV,2000,10986.858244110297,386.67154948,29.675
Croatia,HRV,2010,20865.019506105018,1148.233862306,32.7
Croatia,HRV,2020,34700.48175859662,1196.881176756,29.4
Cuba,CUB,1980,,,
Cuba,CUB,1990,,,
Cuba,CUB,2000,,197.80238342333334,
Cuba,CUB,2010,,638.1913085939999,
Cuba,CUB,2020,,1068.2177530899999,
Curacao,CUW,1980,,,
Curacao,CUW,1990,,,
Curacao,CUW,2000,22809.368016877765,,
Curacao,CUW,2010,25872.60644865954,,
Curacao,CUW,2020,25057.70221867386,,
Cyprus,CYP,1980,,,
Cyprus,CYP,1990,13884.631510416666,,
Cyprus,CYP,2000,21228.16171875,807.7204386366666,
Cyprus,CYP,2010,33512.740234375,2064.011645506,32.44
Cyprus,CYP,2020,46146.86015625,2437.389575196,31.68
Czechia,CZE,1980,,,
Czechia,CZE,1990,12193.1982772303,,20.7
Czechia,CZE,2000,16588.70327080592,409.73571777333336,26.6
Czechia,CZE,2010,28501.54627654746,1511.992236328,26.32
Czechia,CZE,2020,46566.936451430214,2126.3301757840004,25.72
DR Congo,COD,1980,,,
DR Congo,COD,1990,756.1278815660594,,
DR Congo,COD,2000,432.657189225245,9.04353555,
DR Congo,COD,2010,610.8663263992338,13.074382402000001,42.1
DR Congo,COD,2020,1237.27514877212,20.60533905,44.7
Denmark,DNK,1980,,,
Denmark,DNK,1990,19040.947718113133,,24.7
Denmark,DNK,2000,28242.89342290674,2660.408447266667,23.8
Denmark,DNK,2010,42845.63525400464,6213.006152344,26.839999999999996
Denmark,DNK,2020,65827.94279511945,6534.18125,28.2
Djibouti,DJI,1980,,,
Djibouti,DJI,1990,,,
Djibouti,DJI,2000,,36.201162976666666,40.0
Djibouti,DJI,2010,,59.057551574,45.1
Djibouti,DJI,2020,5717.910289302578,73.96211853,
Dominica,DMA,1980,,,
Dominica,DMA,1990,4902.199913113293,,
Dominica,DMA,2000,6989.152459334384,239.1379750566667,
Dominica,DMA,2010,10926.74357777126,370.868951418,
Dominica,DMA,2020,15989.06207353136,497.118499756,
Dominican Republic,DOM,1980,,,
Dominican Republic,DOM,1990,3838.020166296637,,50.75
Dominican Republic,DOM,2000,6582.434286190406,144.82920329,50.4
Dominican Republic,DOM,2010,11088.88021915242,266.9274292,47.62
Dominican Republic,DOM,2020,20687.83518862048,389.48323364000004,40.14
Early-demographic dividend,EAR,1980,,,
Early-demographic dividend,EAR,1990,3114.967052032233,,
Early-demographic dividend,EAR,2000,4132.812627629774,62.0380618759024,
Early-demographic dividend,EAR,2010,7021.805966523546,138.2116796316898,
Early-demographic dividend,EAR,2020,10463.231989420856,171.9494890503298,
East Asia & Pacific,EAS,1980,,,
East Asia & Pacific,EAS,1990,3508.22255460923,,
East Asia & Pacific,EAS,2000,5803.117699196436,229.08667506226632,
East Asia & Pacific,EAS,2010,11965.06087797748,498.4674247373224,
East Asia & Pacific,EAS,2020,20319.51079116562,816.493869127114,
East Asia & Pacific (IDA & IBRD countries),TEA,1980,,,
East Asia & Pacific (IDA & IBRD countries),TEA,1990,1640.7245204110202,,
East Asia & Pacific (IDA & IBRD countries),TEA,2000,3403.5540636384676,40.6705597902156,
East Asia & Pacific (IDA & IBRD countries),TEA,2010,9006.291147302609,169.8649617902734,
East Asia & Pacific (IDA & IBRD countries),TEA,2020,17024.26986703504,466.2646535384366,
East Asia & Pacific (excluding high income),EAP,1980,,,
East Asia & Pacific (excluding high income),EAP,1990,1620.9711418181469,,
East Asia & Pacific (excluding high income),EAP,2000,3363.432816265554,40.662291903716266,
East Asia & Pacific (excluding high income),EAP,2010,8903.51454590568,169.8539074478956,
East Asia & Pacific (excluding high income),EAP,2020,16835.50646483318,466.246280455218,
Ecuador,ECU,1980,,,
Ecuador,ECU,1990,4838.714899842563,,
Ecuador,ECU,2000,5917.40172891169,73.76440048333333,54.833333333333336
Ecuador,ECU,2010,9261.372858108483,298.231192016,47.82
Ecuador,ECU,2020,12992.443570608779,490.3052063,45.94
Egypt,EGY,1980,,,
Egypt,EGY,1990,3658.8594476254,,32.0
Egypt,EGY,2000,5368.797549629074,67.34812799999999,30.8
Egypt,EGY,2010,8964.806737231116,110.03711853,29.866666666666664
Egypt,EGY,2020,14806.132116280462,151.535876464,30.200000000000003
El Salvador,SLV,1980,,,
El Salvador,SLV,1990,2990.9374399188296,,51.25
El Salvador,SLV,2000,4421.152216780348,161.54740905999998,52.239999999999995
El Salvador,SLV,2010,6357.470037754534,275.60420532399996,44.059999999999995
El Salvador,SLV,2020,10207.776338777592,411.37069701999997,38.8
Equatorial Guinea,GNQ,1980,,,
Equatorial Guinea,GNQ,1990,634.247369778883,,
Equatorial Guinea,GNQ,2000,8810.43371661396,41.55793635,
Equatorial Guinea,GNQ,2010,28733.22672158688,251.722299196,
Equatorial Guinea,GNQ,2020,16700.60842589508,227.27383728200002,38.5
Eritrea,ERI,1980,,,
Eritrea,ERI,1990,1020.56883876091,,
Eritrea,ERI,2000,1627.67751498581,14.904183703333333,
Eritrea,ERI,2010,1616.2962531488424,27.049277876,
Eritrea,ERI,2020,,27.491139985999997,
Estonia,EST,1980,,,
Estonia,EST,1990,6834.583228070794,,
Estonia,EST,2000,9652.644044997776,225.05402628666664,36.3
Estonia,EST,2010,23160.33310157932,1034.946911622,32.14
Estonia,EST,2020,42169.7180526436,1806.343945314,31.179999999999996
Eswatini,SWZ,1980,,,
Eswatini,SWZ,1990,3242.0485622105666,,
Eswatini,SWZ,2000,4414.5444131503045,75.66984812333334,53.1
Eswatini,SWZ,2010,7316.080760643652,318.74573364400004,51.4
Eswatini,SWZ,2020,9547.741973496366,286.373278808,
Ethiopia,ETH,1980,,,
Ethiopia,ETH,1990,381.25845157382304,,
Ethiopia,ETH,2000,475.68729102496764,5.316300389999999,30.0
Ethiopia,ETH,2010,1003.3746326424446,15.795858956,33.2
Ethiopia,ETH,2020,2435.5775387411204,26.174691772,31.1
Euro area,EMU,1980,,,
Euro area,EMU,1990,17764.0417589672,,
Euro area,EMU,2000,25063.498582302902,1825.57033523888,
Euro area,EMU,2010,36267.34202509926,3920.239073300356,
Euro area,EMU,2020,52766.29073411166,4313.320159802114,
Europe & Central Asia,ECS,1980,,,
Europe & Central Asia,ECS,1990,12025.872935471833,,
Europe & Central Asia,ECS,2000,15816.67467593922,995.4548595167694,
Europe & Central Asia,ECS,2010,26691.411868507355,2261.329199937636,
Europe & Central Asia,ECS,2020,40490.75989193794,2576.082362209342,
Europe & Central Asia (IDA & IBRD countries),TEC,1980,,,
Europe & Central Asia (IDA & IBRD countries),TEC,1990,6606.1551684790165,,
Europe & Central Asia (IDA & IBRD countries),TEC,2000,6547.456925012908,117.840260704469,
Europe & Central Asia (IDA & IBRD countries),TEC,2010,16418.082494643262,479.19549122505504,
Europe & Central Asia (IDA & IBRD countries),TEC,2020,27536.429284882743,582.365101604548,
Europe & Central Asia (excluding high income),ECA,1980,,,
Europe & Central Asia (excluding high income),ECA,1990,6136.22408299191,,
Europe & Central Asia (excluding high income),ECA,2000,5661.889668571302,87.75861816658384,
Europe & Central Asia (excluding high income),ECA,2010,12378.085955311439,318.7673691828956,
Europe & Central Asia (excluding high income),ECA,2020,20962.37613242336,326.4142109160036,
European Union,EUU,1980,,,
European Union,EUU,1990,15499.9081127734,,
European Union,EUU,2000,22057.02812402328,1518.3539974847433,
European Union,EUU,2010,33463.38968120966,3369.3312222625364,
European Union,EUU,2020,50325.117026813765,3793.761391556366,
Faroe Islands,FRO,1980,,,
Faroe Islands,FRO,1990,,,
Faroe Islands,FRO,2000,,,
Faroe Islands,FRO,2010,41717.47080611324,,
Faroe Islands,FRO,2020,65299.975722648946,,
Federated States of Micronesia,FSM,1980,,,
Federated States of Micronesia,FSM,1990,1802.5834271598233,,
Federated States of Micronesia,FSM,2000,2323.8076233509682,170.90834554333333,
Federated States of Micronesia,FSM,2010,3074.439450379512,345.457562258,
Federated States of Micronesia,FSM,2020,3792.610131953826,424.85975952000007,
Fiji,FJI,1980,,,
Fiji,FJI,1990,3975.4867598139567,,
Fiji,FJI,2000,5555.102828867771,68.39645894333334,38.1
Fiji,FJI,2010,7487.475501978396,135.543742372,40.4
Fiji,FJI,2020,11996.66343160006,261.937039182,30.7
Finland,FIN,1980,,,
Finland,FIN,1990,17660.80176778593,,22.9
Finland,FIN,2000,26301.78525423314,1865.4916992199999,27.2
Finland,FIN,2010,39720.19384668904,4475.693359376,27.54
Finland,FIN,2020,54748.976506326275,4776.273828126,27.54
Fragile and conflict affected situations,FCS,1980,,,
Fragile and conflict affected situations,FCS,1990,2732.8168899754096,,
Fragile and conflict affected situations,FCS,2000,2907.587530911008,23.4390045798511,
Fragile and conflict affected situations,FCS,2010,4598.349111539717,69.28027815219784,
Fragile and conflict affected situations,FCS,2020,5655.935720328705,76.73921804618806,
France,FRA,1980,,,34.0
France,FRA,1990,18157.607303534267,,32.1
France,FRA,2000,25834.19803018868,2268.1089680966666,32.22
France,FRA,2010,36165.44433035854,4747.0992187520005,33.160000000000004
France,FRA,2020,51310.72323998634,4839.138964844,31.4
French Polynesia,PYF,1980,,,
French Polynesia,PYF,1990,,,
French Polynesia,PYF,2000,,,
French Polynesia,PYF,2010,,,
French Polynesia,PYF,2020,,,
Gabon,GAB,1980,,,
Gabon,GAB,1990,12341.390192043267,,
Gabon,GAB,2000,13803.50714474328,125.39061482666666,
Gabon,GAB,2010,14107.2049124685,249.370837402,
Gabon,GAB,2020,16874.9896248476,222.82061157200002,
Gambia,GMB,1980,,,
Gambia,GMB,1990,1437.3846157514333,,
Gambia,GMB,2000,1703.7593141594982,55.49394989,48.3
Gambia,GMB,2010,2132.244464945988,33.647387698,43.6
Gambia,GMB,2020,2615.0152611701296,26.732255553999998,38.8
Georgia,GEO,1980,,,
Georgia,GEO,1990,4401.793861818337,,
Georgia,GEO,2000,3218.572677434144,58.238427480000006,39.72
Georgia,GEO,2010,8146.686072241291,301.00477905400004,38.96
Georgia,GEO,2020,17992.05700846354,433.15088500800005,34.9
Germany,DEU,1980,,,
Germany,DEU,1990,20738.109460896736,,29.15
Germany,DEU,2000,27525.06208159566,2410.673421223333,29.119999999999997
Germany,DEU,2010,40674.27338507364,4731.131835936,30.5
Germany,DEU,2020,61161.87892715672,5941.481347653999,32.779999999999994
Ghana,GHA,1980,,,
Ghana,GHA,1990,1665.63214406359,,37.199999999999996
Ghana,GHA,2000,2318.577383626162,12.30486139,40.1
Ghana,GHA,2010,4060.6150990896435,76.052124024,42.4
Ghana,GHA,2020,6280.402096226404,79.72584305,
Gibraltar,GIB,1980,,,
Gibraltar,GIB,1990,,,
Gibraltar,GIB,2000,,,
Gibraltar,GIB,2010,,,
Gibraltar,GIB,2020,,,
Greece,GRC,1980,,,
Greece,GRC,1990,13693.250512789467,,
Greece,GRC,2000,19260.12175350186,1019.6833496099999,34.95
Greece,GRC,2010,27703.730493032337,2500.220385742,34.480000000000004
Greece,GRC,2020,32879.224391489195,1692.2748535160001,33.18
Greenland,GRL,1980,,,
Greenland,GRL,1990,20759.967363855165,,
Greenland,GRL,2000,28843.3751309,,
Greenland,GRL,2010,50072.23057618758,,
Greenland,GRL,2020,67218.55317212382,,
Grenada,GRD,1980,,,
Grenada,GRD,1990,4682.172276152301,,
Grenada,GRD,2000,7086.861241232393,279.40648396666666,
Grenada,GRD,2010,10563.066545755979,393.69963379,
Grenada,GRD,2020,15923.26645174186,497.69426879799994,43.8
Guam,GUM,1980,,,
Guam,GUM,1990,,,
Guam,GUM,2000,,,
Guam,GUM,2010,,,
Guam,GUM,2020,,,
Guatemala,GTM,1980,,,
Guatemala,GTM,1990,3476.158387311387,,58.8
Guatemala,GTM,2000,4699.963071238635,97.08670552333332,51.8
Guatemala,GTM,2010,6672.822342830988,182.4914917,
Guatemala,GTM,2020,11297.842081875575,315.84100342,
Guinea,GIN,1980,,,
Guinea,GIN,1990,888.7181963555009,,45.6
Guinea,GIN,2000,1211.109307431448,23.1084493,43.0
Guinea,GIN,2010,1659.4674367591062,23.423046874,33.7
Guinea,GIN,2020,3416.66305735809,43.11172638,29.6
Guinea Bissau,GNB,1980,,,
Guinea Bissau,GNB,1990,860.2443330288701,,55.8
Guinea Bissau,GNB,2000,1006.832905818597,13.602224986666664,35.6
Guinea Bissau,GNB,2010,1373.361652702026,34.575386046000006,50.6
Guinea Bissau,GNB,2020,2391.3362761532544,63.79373931800001,34.099999999999994
Guyana,GUY,1980,,,
Guyana,GUY,1990,3331.6567273260202,,39.5
Guyana,GUY,2000,5935.958517485255,62.50562668,45.1
Guyana,GUY,2010,9458.100186196449,167.924771118,
Guyana,GUY,2020,21015.95992476278,377.014404298,
Haiti,HTI,1980,,,
Haiti,HTI,1990,2210.86238403353,,
Haiti,HTI,2000,2211.783493537206,26.70588366,59.0
Haiti,HTI,2010,2792.583449777172,57.957524872,41.1
Haiti,HTI,2020,3191.508688742594,55.205018614000004,
Heavily indebted poor countries (HIPC),HPC,1980,,,
Heavily indebted poor countries (HIPC),HPC,1990,1088.2716194820766,,
Heavily indebted poor countries (HIPC),HPC,2000,1338.607030781024,15.672723616861866,
Heavily indebted poor countries (HIPC),HPC,2010,2016.230466954612,41.166341108405085,
Heavily indebted poor countries (HIPC),HPC,2020,2935.051963222492,47.463551470451556,
High income,HIC,1980,,,
High income,HIC,1990,17381.92532831403,,
High income,HIC,2000,24783.29912659856,2223.732710007523,
High income,HIC,2010,37766.28537217328,4141.164443748165,
High income,HIC,2020,53236.261259424966,5422.345561063038,
Honduras,HND,1980,,,
Honduras,HND,1990,655.1608758281433,,53.724999999999994
Honduras,HND,2000,2494.332196452106,68.78037262,55.900000000000006
Honduras,HND,2010,3827.349590189076,168.168698118,53.17999999999999
Honduras,HND,2020,5962.29734798386,214.635809328,48.55
"Hong Kong SAR, China",HKG,1980,,,
"Hong Kong SAR, China",HKG,1990,19781.491347497835,,
"Hong Kong SAR, China",HKG,2000,27524.19735073296,,
"Hong Kong SAR, China",HKG,2010,49263.302129470496,,
"Hong Kong SAR, China",HKG,2020,62959.24693117698,,
Hungary,HUN,1980,,,
Hungary,HUN,1990,8601.921746004211,,27.3
Hungary,HUN,2000,12186.89695678912,381.97797648,27.5
Hungary,HUN,2010,21857.745163283278,1013.7143188480001,28.78
Hungary,HUN,2020,37344.43533489006,1190.6646240260002,
IBRD only,IBD,1980,,,
IBRD only,IBD,1990,3088.2831329865203,,
IBRD only,IBD,2000,4488.062406533941,76.22683254693267,
IBRD only,IBD,2010,9462.152121587482,235.50200600982762,
IBRD only,IBD,2020,15518.25950185468,379.738740301426,
IDA & IBRD total,IBT,1980,,,
IDA & IBRD total,IBT,1990,2761.02868294899,,
IDA & IBRD total,IBT,2000,3901.971067291534,63.0910688320342,
IDA & IBRD total,IBT,2010,7902.554436249392,189.05077283941858,
IDA & IBRD total,IBT,2020,12588.05608679664,292.66829294157725,
IDA blend,IDB,1980,,,
IDA blend,IDB,1990,2391.40401951473,,
IDA blend,IDB,2000,2793.81087694297,19.521113793353198,
IDA blend,IDB,2010,4552.867931206814,55.06807939470806,
IDA blend,IDB,2020,6246.962552213826,65.87023031118272,
IDA only,IDX,1980,,,
IDA only,IDX,1990,1009.202975006347,,
IDA only,IDX,2000,1348.1333635676299,14.579577325606566,
IDA only,IDX,2010,2322.489325706168,38.47807028706118,
IDA only,IDX,2020,3770.599126093726,50.9853250396485,
IDA total,IDA,1980,,,
IDA total,IDA,1990,1487.3895745038765,,
IDA total,IDA,2000,1851.7250075965799,16.3128400284611,
IDA total,IDA,2010,3110.1558634022417,44.39334235649232,
IDA total,IDA,2020,4633.429111761694,56.20320114834916,
Iceland,ISL,1980,,,
Iceland,ISL,1990,22092.821367779732,,
Iceland,ISL,2000,30511.789770029398,2810.31233724,
Iceland,ISL,2010,41663.638318023484,3941.6800781240004,28.060000000000002
Iceland,ISL,2020,62092.27942884427,6291.798144532,26.7
India,IND,1980,,,
India,IND,1990,1253.2136659840867,,
India,IND,2000,2085.2292557378323,19.459931056666665,
India,IND,2010,4200.1508167106485,43.428994751999994,28.3
India,IND,2020,7617.862413218801,67.809295652,25.5
Indonesia,IDN,1980,,,
Indonesia,IDN,1990,3295.930073594883,,31.1
Indonesia,IDN,2000,4661.0958593565065,17.081137976666668,30.68
Indonesia,IDN,2010,8451.628188888495,84.012814332,35.120000000000005
Indonesia,IDN,2020,12425.9877465194,129.42073974800002,35.6
Iran,IRN,1980,,,
Iran,IRN,1990,8344.55414911995,,43.6
Iran,IRN,2000,11209.52080253642,92.58751424333333,44.1
Iran,IRN,2010,18017.594043061978,414.65422363199997,37.06666666666667
Iran,IRN,2020,15560.18769948642,219.93408203200002,36.0
Iraq,IRQ,1980,,,
Iraq,IRQ,1990,3120.502421945655,,
Iraq,IRQ,2000,9637.693348132272,,
Iraq,IRQ,2010,12568.917621873421,152.066751098,29.5
Iraq,IRQ,2020,12395.96122913116,251.48407592799998,
Ireland,IRL,1980,,,
Ireland,IRL,1990,14419.136528634166,,
Ireland,IRL,2000,30029.353600147984,1862.9766031899999,32.65
Ireland,IRL,2010,44224.9412770419,5400.079199221999,32.4
Ireland,IRL,2020,106309.59872635244,6036.880371094,29.879999999999995
Isle of Man,IMN,1980,,,
Isle of Man,IMN,1990,,,
Isle of Man,IMN,2000,,,
Isle of Man,IMN,2010,,,
Isle of Man,IMN,2020,,,
Israel,ISR,1980,,,36.3
Israel,ISR,1990,16586.93720793077,,35.5
Israel,ISR,2000,24803.14922104096,1445.9295654300001,39.25
Israel,ISR,2010,29884.860947483998,2249.189770506,41.92
Israel,ISR,2020,44450.321070366386,3710.6164062519993,38.17999999999999
Italy,ITA,1980,,,32.059999999999995
Italy,ITA,1990,19490.4753243983,,31.6
Italy,ITA,2000,26969.845865688265,1624.4239095033333,35.53333333333334
Italy,ITA,2010,35514.3086854765,3283.645361328,34.519999999999996
Italy,ITA,2020,48314.10849812564,3113.668066406,34.7
Jamaica,JAM,1980,,,
Jamaica,JAM,1990,5418.09979734431,,42.150000000000006
Jamaica,JAM,2000,6851.5858494512095,197.48876953333334,46.2
Jamaica,JAM,2010,8738.479273671335,319.68704834199997,
Jamaica,JAM,2020,10736.113192651439,414.303942872,37.599999999999994
Japan,JPN,1980,,,
Japan,JPN,1990,20987.92579305373,,
Japan,JPN,2000,27019.74031844258,2550.7958984366664,
Japan,JPN,2010,35594.72662212486,4265.4766601579995,32.92
Japan,JPN,2020,43758.63597984978,4464.885156252,32.733333333333334
Jordan,JOR,1980,,,
Jordan,JOR,1990,4388.807140240453,,43.1
Jordan,JOR,2000,5702.163031749691,159.14129638666665,37.0
Jordan,JOR,2010,9412.226441526422,308.694927978,33.150000000000006
Jordan,JOR,2020,9432.080337783182,308.85685425,
Kazakhstan,KAZ,1980,,,
Kazakhstan,KAZ,1990,7337.361284767686,,
Kazakhstan,KAZ,2000,7680.012439564618,51.78047942999999,35.4
Kazakhstan,KAZ,2010,18967.28878036642,277.2359375,28.18
Kazakhstan,KAZ,2020,30333.231638459758,334.70426025399996,28.424999999999997
Kenya,KEN,1980,,,
Kenya,KEN,1990,1737.4893792413034,,56.9
Kenya,KEN,2000,1922.723330913152,21.97886911666667,
Kenya,KEN,2010,2634.323213981176,58.026818084,
Kenya,KEN,2020,5022.717499276152,86.58019103800001,37.800000000000004
Kiribati,KIR,1980,,,
Kiribati,KIR,1990,1250.4762801310367,,
Kiribati,KIR,2000,1590.6593005490581,81.489151,
Kiribati,KIR,2010,1772.0575392880778,155.920773314,
Kiribati,KIR,2020,2899.08905374947,221.338119508,27.8
Kosovo,XKX,1980,,,
Kosovo,XKX,1990,,,
Kosovo,XKX,2000,,,
Kosovo,XKX,2010,7188.535409393097,,30.474999999999998
Kosovo,XKX,2020,11545.12302046514,,45.980000000000004
Kuwait,KWT,1980,,,
Kuwait,KWT,1990,30100.8913395939,,
Kuwait,KWT,2000,58343.815989241746,519.1254577633333,
Kuwait,KWT,2010,81351.6050138426,1101.961865234,
Kuwait,KWT,2020,49846.0831110854,1671.4041503920002,
Kyrgyzstan,KGZ,1980,,,
Kyrgyzstan,KGZ,1990,2333.3566111003734,,
Kyrgyzstan,KGZ,2000,1856.12370938046,13.108566603333335,34.45
Kyrgyzstan,KGZ,2010,3214.215733083306,72.159910584,29.339999999999996
Kyrgyzstan,KGZ,2020,5514.9444631151255,69.73257903999999,28.32
Lao PDR,LAO,1980,,,
Lao PDR,LAO,1990,1062.3383696896199,,34.3
Lao PDR,LAO,2000,1796.8777923846221,13.82506593,32.6
Lao PDR,LAO,2010,3881.7247485338603,31.314709472000004,36.0
Lao PDR,LAO,2020,7998.069271491974,57.336014555999995,38.8
Late-demographic dividend,LTE,1980,,,
Late-demographic dividend,LTE,1990,2988.5493707913934,,
Late-demographic dividend,LTE,2000,4845.694553142008,90.91508355531398,
Late-demographic dividend,LTE,2010,11884.3216391542,338.46193723157,
Late-demographic dividend,LTE,2020,20665.56175346908,634.8506591594536,
Latin America & Caribbean,LCN,1980,,,
Latin America & Caribbean,LCN,1990,6592.106806239656,,
Latin America & Caribbean,LCN,2000,8740.705011864746,264.12323527703535,
Latin America & Caribbean,LCN,2010,13632.946610892759,634.2343525362446,
Latin America & Caribbean,LCN,2020,18083.63459490884,667.3095191935724,
Latin America & Caribbean (excluding high income),LAC,1980,,,
Latin America & Caribbean (excluding high income),LAC,1990,6445.896667604659,,
Latin America & Caribbean (excluding high income),LAC,2000,8514.429684884284,258.7078217119483,
Latin America & Caribbean (excluding high income),LAC,2010,13211.219367136102,623.0302456703156,
Latin America & Caribbean (excluding high income),LAC,2020,17326.0846842708,651.1958325485713,
Latin America & the Caribbean (IDA & IBRD countries),TLA,1980,,,
Latin America & the Caribbean (IDA & IBRD countries),TLA,1990,6572.379027524977,,
Latin America & the Caribbean (IDA & IBRD countries),TLA,2000,8665.552511569464,265.16032458247304,
Latin America & the Caribbean (IDA & IBRD countries),TLA,2010,13552.658856673599,633.5756842745956,
Latin America & the Caribbean (IDA & IBRD countries),TLA,2020,18001.86709824908,661.9331843403115,
Latvia,LVA,1980,,,
Latvia,LVA,1990,6323.219571165827,,
Latvia,LVA,2000,8080.828236987443,207.96212260000001,34.2
Latvia,LVA,2010,17291.7775716812,771.473913574,35.82000000000001
Latvia,LVA,2020,34445.81683551086,1427.6771484380001,34.660000000000004
Least developed countries: UN classification,LDC,1980,,,
Least developed countries: UN classification,LDC,1990,976.5352022221954,,
Least developed countries: UN classification,LDC,2000,1280.719181695622,11.927386702704332,
Least developed countries: UN classification,LDC,2010,2249.03166973396,34.13057209730682,
Least developed countries: UN classification,LDC,2020,3599.6227842866456,45.360134063055206,
Lebanon,LBN,1980,,,
Lebanon,LBN,1990,4265.43392291724,,
Lebanon,LBN,2000,8093.493596778246,411.3390706366667,
Lebanon,LBN,2010,14360.317697723638,551.170562744,31.8
Lebanon,LBN,2020,16769.6549430919,452.451318362,35.5
Lesotho,LSO,1980,,,
Lesotho,LSO,1990,828.9730767936803,,
Lesotho,LSO,2000,1277.24569533963,25.044235229999998,51.2
Lesotho,LSO,2010,2164.719712347904,95.763581846,
Lesotho,LSO,2020,2613.1640404339983,142.573068238,
Liberia,LBR,1980,,,
Liberia,LBR,1990,692.0219685454076,,
Liberia,LBR,2000,875.6952739149132,6.997816563333333,
Liberia,LBR,2010,1006.4765276509406,40.330376814,
Liberia,LBR,2020,1717.9104590862378,77.04621429400001,
Libya,LBY,1980,,,
Libya,LBY,1990,18943.04744290863,,
Libya,LBY,2000,20083.49504831518,228.20520528333336,
Libya,LBY,2010,26519.52945836162,386.513275146,
Libya,LBY,2020,14187.22436669142,430.62089843800004,
Liechtenstein,LIE,1980,,,
Liechtenstein,LIE,1990,,,
Liechtenstein,LIE,2000,,,
Liechtenstein,LIE,2010,,,
Liechtenstein,LIE,2020,,10186.321875,
Lithuania,LTU,1980,,,
Lithuania,LTU,1990,8302.423065182194,,
Lithuania,LTU,2000,8786.826360432116,230.12034606666668,31.939999999999998
Lithuania,LTU,2010,20003.291437807737,885.775781248,34.82000000000001
Lithuania,LTU,2020,43025.60579673794,1557.9987548840002,36.059999999999995
Low & middle income,LMY,1980,,,
Low & middle income,LMY,1990,2488.2888611335297,,
Low & middle income,LMY,2000,3703.105014468828,58.75059088994997,
Low & middle income,LMY,2010,7397.411652929746,171.449231976508,
Low & middle income,LMY,2020,11836.72379416778,274.0444781978282,
Low income,LIC,1980,,,
Low income,LIC,1990,875.646955108687,,
Low income,LIC,2000,1105.495111894742,15.745015462238234,
Low income,LIC,2010,1652.2823233553922,39.62279208268726,
Low income,LIC,2020,2073.4204869615837,39.31558655480094,
Lower middle income,LMC,1980,,,
Lower middle income,LMC,1990,1647.16380498743,,
Lower middle income,LMC,2000,2407.770908882768,23.278681359567837,
Lower middle income,LMC,2010,4487.044197338346,56.55213693810326,
Lower middle income,LMC,2020,7533.972997872856,82.65163208064061,
Luxembourg,LUX,1980,,,
Luxembourg,LUX,1990,32415.981156435268,,28.360000000000003
Luxembourg,LUX,2000,52792.46352438482,3203.756266276667,30.560000000000002
Luxembourg,LUX,2010,91867.35748985631,7182.678515625999,32.14
Luxembourg,LUX,2020,128753.696473188,6777.976953128001,33.959999999999994
"Macao SAR, China",MAC,1980,,,
"Macao SAR, China",MAC,1990,29260.805656586133,,
"Macao SAR, China",MAC,2000,35177.38482341104,,
"Macao SAR, China",MAC,2010,101999.64094724038,,
"Macao SAR, China",MAC,2020,90026.62632590912,,
Madagascar,MDG,1980,,,46.8
Madagascar,MDG,1990,1120.79562963085,,
Madagascar,MDG,2000,1202.2679517672361,13.118929543333332,43.0
Madagascar,MDG,2010,1491.9665556910338,20.763302994,42.5
Madagascar,MDG,2020,1588.725560067226,17.289720346,36.8
Malawi,MWI,1980,,,
Malawi,MWI,1990,692.4199608101644,,
Malawi,MWI,2000,946.282466546582,9.14973752,
Malawi,MWI,2010,1427.420003880568,34.824260712,45.5
Malawi,MWI,2020,1558.6327695777359,40.488350675999996,38.5
Malaysia,MYS,1980,,,
Malaysia,MYS,1990,7564.335171843663,,46.95
Malaysia,MYS,2000,12626.53581386408,116.12315877333333,
Malaysia,MYS,2010,20511.76707969844,302.036721802,44.55
Malaysia,MYS,2020,29688.989907615956,434.171228026,40.95
Maldives,MDV,1980,,,
Maldives,MDV,1990,4670.916886500901,,
Maldives,MDV,2000,8291.38481618454,233.04675293333332,41.3
Maldives,MDV,2010,13311.37286481208,659.8007568380001,38.4
Maldives,MDV,2020,20067.02855491652,868.9692626960001,29.3
Mali,MLI,1980,,,
Mali,MLI,1990,1028.7089354486577,,
Mali,MLI,2000,1440.86340290406,14.35291322,39.9
Mali,MLI,2010,1977.249219350962,31.687298204,33.0
Mali,MLI,2020,2807.725400461176,30.486887739999997,35.85
Malta,MLT,1980,,,
Malta,MLT,1990,10766.280657354433,,
Malta,MLT,2000,17859.7695860269,721.2439371733334,
Malta,MLT,2010,28497.43017479264,1807.921484376,29.339999999999996
Malta,MLT,2020,53396.83932989646,3170.276904298,31.46
Marshall Islands,MHL,1980,,,
Marshall Islands,MHL,1990,2175.4268445928665,,
Marshall Islands,MHL,2000,2567.620444334972,295.2274373366667,
Marshall Islands,MHL,2010,3394.203815115924,483.079119872,
Marshall Islands,MHL,2020,6322.724857539726,764.948535156,35.5
Mauritania,MRT,1980,,,
Mauritania,MRT,1990,2102.66733265282,,
Mauritania,MRT,2000,2328.9622590936297,24.084843956666663,39.0
Mauritania,MRT,2010,3261.6850909001323,46.943719484,35.7
Mauritania,MRT,2020,5820.299584836665,64.677735902,32.0
Mauritius,MUS,1980,,,
Mauritius,MUS,1990,5371.322369849553,,
Mauritius,MUS,2000,9003.55371146411,121.54853821,
Mauritius,MUS,2010,15947.318234799319,348.919384766,38.5
Mauritius,MUS,2020,23859.318817106796,601.290246582,
Mexico,MEX,1980,,,
Mexico,MEX,1990,9042.047004251339,,51.2
Mexico,MEX,2000,11398.316130495181,356.45288086333335,52.43333333333333
Mexico,MEX,2010,16410.44072187556,549.51911621,49.36666666666667
Mexico,MEX,2020,21031.59215699418,574.0421264639999,44.699999999999996
"Middle East, North Africa, Afghanistan & Pakistan",MEA,1980,,,
"Middle East, North Africa, Afghanistan & Pakistan",MEA,1990,6138.083251817403,,
"Middle East, North Africa, Afghanistan & Pakistan",MEA,2000,8110.728880873842,100.68458474679078,
"Middle East, North Africa, Afghanistan & Pakistan",MEA,2010,12287.090786870202,223.91840118024479,
"Middle East, North Africa, Afghanistan & Pakistan",MEA,2020,13402.98140703832,286.167953411981,
"Middle East, North Africa, Afghanistan & Pakistan (IDA & IBRD)",TMN,1980,,,
"Middle East, North Africa, Afghanistan & Pakistan (IDA & IBRD)",TMN,1990,3997.6088099194967,,
"Middle East, North Africa, Afghanistan & Pakistan (IDA & IBRD)",TMN,2000,5385.86113494184,55.588907198969935,
"Middle East, North Africa, Afghanistan & Pakistan (IDA & IBRD)",TMN,2010,8136.29849933263,141.3136027115496,
"Middle East, North Africa, Afghanistan & Pakistan (IDA & IBRD)",TMN,2020,9260.034056516812,132.92236031875882,
"Middle East, North Africa, Afghanistan & Pakistan (excluding high income)",MNA,1980,,,
"Middle East, North Africa, Afghanistan & Pakistan (excluding high income)",MNA,1990,3986.920038757087,,
"Middle East, North Africa, Afghanistan & Pakistan (excluding high income)",MNA,2000,5368.154209829112,56.069135751295335,
"Middle East, North Africa, Afghanistan & Pakistan (excluding high income)",MNA,2010,8110.272371009533,142.02594613943978,
"Middle East, North Africa, Afghanistan & Pakistan (excluding high income)",MNA,2020,9237.217057336018,134.320171245659,
Middle income,MIC,1980,,,
Middle income,MIC,1990,2595.0376906720503,,
Middle income,MIC,2000,3892.6750737953125,61.402271721994474,
Middle income,MIC,2010,7883.794428802807,181.3474605147448,
Middle income,MIC,2020,12796.9498540265,295.98877895819925,
Moldova,MDA,1980,,,
Moldova,MDA,1990,5737.22280543509,,
Moldova,MDA,2000,3172.452423398718,26.90090561,38.459999999999994
Moldova,MDA,2010,6478.239468942636,206.196313478,31.9
Moldova,MDA,2020,14188.778520119382,332.84902954,25.660000000000004
Monaco,MCO,1980,,,
Monaco,MCO,1990,,,
Monaco,MCO,2000,,3134.0966796899997,
Monaco,MCO,2010,,8148.620117188,
Monaco,MCO,2020,,7724.224999998,
Mongolia,MNG,1980,,,
Mongolia,MNG,1990,3204.498581260483,,
Mongolia,MNG,2000,3786.08643112722,28.888737993333333,31.6
Mongolia,MNG,2010,8192.228576354215,115.82326965600001,33.6
Mongolia,MNG,2020,14161.976312340359,270.653356932,32.05
Montenegro,MNE,1980,,,
Montenegro,MNE,1990,,,
Montenegro,MNE,2000,6345.987292651604,,
Montenegro,MNE,2010,13706.09437362694,553.409118655,32.480000000000004
Montenegro,MNE,2020,23430.717985588162,890.7886840819999,35.550000000000004
Morocco,MAR,1980,,,
Morocco,MAR,1990,2926.96598307292,,39.2
Morocco,MAR,2000,4035.3020996093765,58.257726033333334,40.0
Morocco,MAR,2010,6899.2134765625,167.63067932200002,
Morocco,MAR,2020,8297.094921875,191.57388916,
Mozambique,MOZ,1980,,,
Mozambique,MOZ,1990,300.98596007762035,,
Mozambique,MOZ,2000,495.02230229230963,8.516015529999999,46.9
Mozambique,MOZ,2010,1001.4831492958672,28.821534348,45.5
Mozambique,MOZ,2020,1433.0368064137042,41.806148529999994,50.150000000000006
Myanmar,MMR,1980,,,
Myanmar,MMR,1990,460.59030184067404,,
Myanmar,MMR,2000,957.5998046662284,5.39364322,
Myanmar,MMR,2010,3312.113120595094,23.6609848,
Myanmar,MMR,2020,5666.804986314948,67.08161926199999,
Namibia,NAM,1980,,,
Namibia,NAM,1990,4173.03800328125,,
Namibia,NAM,2000,5114.15001649969,202.29460144333333,
Namibia,NAM,2010,8621.679084848001,532.4467712399999,61.0
Namibia,NAM,2020,9837.830654639973,423.226800538,
Nauru,NRU,1980,,,
Nauru,NRU,1990,13549.273759781967,,
Nauru,NRU,2000,5825.089642318142,370.5690002433333,
Nauru,NRU,2010,6349.807981858878,711.471166994,32.4
Nauru,NRU,2020,11276.014796814008,1520.999804688,
Nepal,NPL,1980,,,
Nepal,NPL,1990,879.5501463151727,,
Nepal,NPL,2000,1303.264640090354,9.691744486666666,
Nepal,NPL,2010,2164.8340044245424,27.429933166,32.8
Nepal,NPL,2020,4420.31899550287,64.077253724,30.0
Netherlands,NLD,1980,,,
Netherlands,NLD,1990,20070.242075715698,,31.1
Netherlands,NLD,2000,31357.53207811194,2249.57511393,28.1
Netherlands,NLD,2010,46326.4523429067,5340.730761718,28.080000000000002
Netherlands,NLD,2020,66193.0139498817,5844.794433596,27.25
New Caledonia,NCL,1980,,,
New Caledonia,NCL,1990,,,
New Caledonia,NCL,2000,,,
New Caledonia,NCL,2010,,,
New Caledonia,NCL,2020,,,
New Zealand,NZL,1980,,,
New Zealand,NZL,1990,14729.981174094268,,
New Zealand,NZL,2000,21443.897167804877,1119.3812255866667,
New Zealand,NZL,2010,31548.202480396896,3109.5671874980003,
New Zealand,NZL,2020,47120.336039078415,4232.2984375020005,
Nicaragua,NIC,1980,,,
Nicaragua,NIC,1990,1992.0942767574668,,
Nicaragua,NIC,2000,2768.19650912444,56.37982813666667,53.65
Nicaragua,NIC,2010,4159.783963524262,119.68831786999999,43.9
Nicaragua,NIC,2020,6621.246624396852,183.62550354,
Niger,NER,1980,,,
Niger,NER,1990,740.8140274697986,,36.0
Niger,NER,2000,798.0738506506566,9.856630326666666,
Niger,NER,2010,1058.5887214183197,24.08883171,31.5
Niger,NER,2020,1523.5132614512659,32.032827756,35.099999999999994
Nigeria,NGA,1980,,,
Nigeria,NGA,1990,2900.2660095649603,,44.9
Nigeria,NGA,2000,3248.2714603123122,17.552312849999996,
Nigeria,NGA,2010,6218.370687957692,76.861972044,35.6
Nigeria,NGA,2020,7603.555359158685,74.128909302,34.5
North America,NAC,1980,,,
North America,NAC,1990,24134.034201766266,,
North America,NAC,2000,35099.2701516215,4644.123931807137,
North America,NAC,2010,48384.29646632814,7535.579887179246,
North America,NAC,2020,66864.81850352074,10822.843001129044,
North Korea,PRK,1980,,,
North Korea,PRK,1990,,,
North Korea,PRK,2000,,,
North Korea,PRK,2010,,,
North Korea,PRK,2020,,,
North Macedonia,MKD,1980,,,
North Macedonia,MKD,1990,5195.9825382153895,,
North Macedonia,MKD,2000,5954.597021866142,161.99702962333333,33.63333333333333
North Macedonia,MKD,2010,11919.08690277122,314.53921509,41.3
North Macedonia,MKD,2020,21000.354464209842,521.040753174,33.25000000000001
Northern Mariana Islands,MNP,1980,,,
Northern Mariana Islands,MNP,1990,,,
Northern Mariana Islands,MNP,2000,,,
Northern Mariana Islands,MNP,2010,,,
Northern Mariana Islands,MNP,2020,,,
Norway,NOR,1980,,,26.9
Norway,NOR,1990,19554.674975641534,,25.2
Norway,NOR,2000,34330.82671798814,3312.6315104200003,27.4
Norway,NOR,2010,60833.589007348826,8160.003515626,25.98
Norway,NOR,2020,84555.54881343566,8391.90136719,27.939999999999998
Not classified,INX,1980,,,
Not classified,INX,1990,,,
Not classified,INX,2000,,,
Not classified,INX,2010,,,
Not classified,INX,2020,,,
OECD members,OED,1980,,,
OECD members,OED,1990,17270.591820726666,,
OECD members,OED,2000,24430.8279842701,2260.6815723147533,
OECD members,OED,2010,35080.601236580944,4107.225751900474,
OECD members,OED,2020,49439.902387458926,5267.3509173300945,
Oman,OMN,1980,,,
Oman,OMN,1990,28261.856026118698,,
Oman,OMN,2000,39218.10457837066,265.1950581866667,
Oman,OMN,2010,53203.77631875677,536.922985842,
Oman,OMN,2020,38306.012750699236,756.8388916,
Other small states,OSS,1980,,,
Other small states,OSS,1990,7181.172323494583,,
Other small states,OSS,2000,10006.136963031966,331.13084073855765,
Other small states,OSS,2010,15886.993206716439,714.7394560731972,
Other small states,OSS,2020,22870.588779508882,1020.9202487386665,
Pacific island small states,PSS,1980,,,
Pacific island small states,PSS,1990,2852.3664840097067,,
Pacific island small states,PSS,2000,3686.974846190626,83.4722408766126,
Pacific island small states,PSS,2010,4879.774692306534,157.5901504584108,
Pacific island small states,PSS,2020,6722.416128007126,233.0600437907664,
Pakistan,PAK,1980,,,
Pakistan,PAK,1990,2006.2872424762202,,33.2
Pakistan,PAK,2000,2558.1380261910977,14.588916776666666,30.9
Pakistan,PAK,2010,3842.0642628441383,24.34799309,29.25
Pakistan,PAK,2020,5270.4953543495885,38.916216278,29.6
Palau,PLW,1980,,,
Palau,PLW,1990,9771.6077106405,,
Palau,PLW,2000,10885.60837580768,641.7206420900001,
Palau,PLW,2010,14206.317357043701,1046.765844726,
Palau,PLW,2020,17389.80485935414,1937.104125978,
Palestine,PSE,1980,,,
Palestine,PSE,1990,,,
Palestine,PSE,2000,2676.1242270314897,125.05123392666667,
Palestine,PSE,2010,4298.730516440668,249.81735839800004,34.73333333333334
Palestine,PSE,2020,6101.38432208746,334.269952392,
Panama,PAN,1980,,,48.7
Panama,PAN,1990,5127.535750060986,,58.25
Panama,PAN,2000,7964.228513937403,301.99952189,56.6
Panama,PAN,2010,16398.14095145458,611.001202392,51.82000000000001
Panama,PAN,2020,31997.23333122876,1383.058251952,49.96666666666667
Papua New Guinea,PNG,1980,,,
Papua New Guinea,PNG,1990,1890.8386268245965,,
Papua New Guinea,PNG,2000,2210.716808849298,19.1975263,
Papua New Guinea,PNG,2010,2826.44159630376,46.670658114000005,41.9
Papua New Guinea,PNG,2020,4053.16891899927,63.40054855400001,
Paraguay,PRY,1980,,,
Paraguay,PRY,1990,5820.509732650474,,40.8
Paraguay,PRY,2000,7016.884165129343,87.13639068666667,55.5
Paraguay,PRY,2010,10591.690007738685,280.744122316,50.14
Paraguay,PRY,2020,14870.1561970951,442.18696899200006,44.54
Peru,PER,1980,,,
Peru,PER,1990,3440.808866990377,,
Peru,PER,2000,5023.947653380378,90.22171783333333,52.779999999999994
Peru,PER,2010,9733.96453718342,243.16711425800003,45.82
Peru,PER,2020,14230.956161822081,406.069232178,41.6
Philippines,PHL,1980,,,
Philippines,PHL,1990,2619.08588889287,,42.25
Philippines,PHL,2000,3360.7911182383323,28.827619556666665,47.7
Philippines,PHL,2010,5518.110750495666,89.57194519,46.4
Philippines,PHL,2020,8901.869816938955,164.941697692,41.5
Poland,POL,1980,,,
Poland,POL,1990,6100.909715174101,,28.05
Poland,POL,2000,10667.831990508736,278.88565063333334,32.9
Poland,POL,2010,21040.02137729468,828.5277343760001,33.260000000000005
Poland,POL,2020,38630.78195494868,1084.270471192,28.98
Portugal,PRT,1980,,,
Portugal,PRT,1990,12567.029843110533,,
Portugal,PRT,2000,18634.90626443818,1050.0982055666666,
Portugal,PRT,2010,26741.8558354708,2246.1421875,35.92
Portugal,PRT,2020,38527.35101792338,2421.835986328,34.379999999999995
Post-demographic dividend,PST,1980,,,
Post-demographic dividend,PST,1990,18674.432433763166,,
Post-demographic dividend,PST,2000,26699.66771074784,2611.3988133531698,
Post-demographic dividend,PST,2010,38588.0063549752,4797.129486797148,
Post-demographic dividend,PST,2020,54391.883996387114,6381.785855222128,
Pre-demographic dividend,PRE,1980,,,
Pre-demographic dividend,PRE,1990,1703.7275059943702,,
Pre-demographic dividend,PRE,2000,2240.613247811986,16.638698649486567,
Pre-demographic dividend,PRE,2010,3588.3429147128822,56.39437413409009,
Pre-demographic dividend,PRE,2020,4436.306793213313,61.19859782187982,
Puerto Rico,PRI,1980,,,
Puerto Rico,PRI,1990,14152.405599876101,,
Puerto Rico,PRI,2000,23109.27643905754,,
Puerto Rico,PRI,2010,31199.954047537183,,
Puerto Rico,PRI,2020,38533.981096169875,,
Qatar,QAT,1980,,,
Qatar,QAT,1990,56934.87754495419,,
Qatar,QAT,2000,88201.300226582,606.8939819333333,
Qatar,QAT,2010,151823.63033920978,1424.5554443360002,
Qatar,QAT,2020,107887.61299124485,1913.9461181660001,
Romania,ROU,1980,,,
Romania,ROU,1990,4863.4522624261435,,24.4
Romania,ROU,2000,6134.676424564906,81.76265971,29.880000000000003
Romania,ROU,2010,17877.79397030766,454.234167482,35.980000000000004
Romania,ROU,2020,35303.06699343865,820.1163330080001,34.279999999999994
Russian Federation,RUS,1980,,,
Russian Federation,RUS,1990,7582.686197916667,,
Russian Federation,RUS,2000,6720.7224609375,117.71458180666667,37.36
Russian Federation,RUS,2010,21421.34765625,624.303015138,40.260000000000005
Russian Federation,RUS,2020,34132.127734375,807.21882324,34.74
Rwanda,RWA,1980,,,
Rwanda,RWA,1990,555.237766207095,,
Rwanda,RWA,2000,624.1967858954591,8.065130869999999,48.5
Rwanda,RWA,2010,1322.57510031147,48.164828490000005,47.2
Rwanda,RWA,2020,2515.70929441668,47.312085724,
Saint Kitts and Nevis,KNA,1980,,,
Saint Kitts and Nevis,KNA,1990,9255.506072021168,,
Saint Kitts and Nevis,KNA,2000,15036.68823410008,450.65314738,
Saint Kitts and Nevis,KNA,2010,23837.28827111304,884.86697998,
Saint Kitts and Nevis,KNA,2020,29874.105641589944,1141.396826172,
Saint Lucia,LCA,1980,,,
Saint Lucia,LCA,1990,7276.774638771996,,
Saint Lucia,LCA,2000,9160.8114127457,290.23047892333335,
Saint Lucia,LCA,2010,13040.246621569,443.764782716,
Saint Lucia,LCA,2020,18951.182055995283,574.023919678,
Saint Vincent and the Grenadines,VCT,1980,,,
Saint Vincent and the Grenadines,VCT,1990,4187.80789659291,,
Saint Vincent and the Grenadines,VCT,2000,6562.656599591256,162.77911885333333,
Saint Vincent and the Grenadines,VCT,2010,10818.705017345981,275.52250366,
Saint Vincent and the Grenadines,VCT,2020,15920.435525793579,405.934515378,
Samoa,WSM,1980,,,
Samoa,WSM,1990,2170.6868403746535,,
Samoa,WSM,2000,3122.554117693636,62.990063983333336,40.7
Samoa,WSM,2010,5181.546092542966,184.737573242,42.0
Samoa,WSM,2020,6533.2983830350995,248.34105835,
San Marino,SMR,1980,,,
San Marino,SMR,1990,,,
San Marino,SMR,2000,53658.44876007964,2210.5014648433335,
San Marino,SMR,2010,60026.753575454255,4259.01723633,
San Marino,SMR,2020,61559.64560220484,3887.4545410140004,
Sao Tome and Principe,STP,1980,,,
Sao Tome and Principe,STP,1990,1533.4985994313367,,
Sao Tome and Principe,STP,2000,1845.7384708855438,49.13161087333333,32.1
Sao Tome and Principe,STP,2010,2814.646465982108,69.23846359199999,30.8
Sao Tome and Principe,STP,2020,5101.485821755188,140.336541748,
Saudi Arabia,SAU,1980,,,
Saudi Arabia,SAU,1990,48621.6997947448,,
Saudi Arabia,SAU,2000,47570.47032674664,475.1052042633333,
Saudi Arabia,SAU,2010,60002.19352152171,847.3598999019999,
Saudi Arabia,SAU,2020,60223.02313926552,1610.772558592,
Senegal,SEN,1980,,,
Senegal,SEN,1990,1548.9423564867132,,54.0
Senegal,SEN,2000,1945.066131067096,23.778951643333333,41.2
Senegal,SEN,2010,2659.631672976394,53.052424622000004,40.3
Senegal,SEN,2020,3896.9969645463557,67.689331056,37.25
Serbia,SRB,1980,,,
Serbia,SRB,1990,,,
Serbia,SRB,2000,6627.602640585785,113.98964055333333,32.7
Serbia,SRB,2010,13657.00264110248,594.256530762,31.125
Serbia,SRB,2020,21923.73759388248,732.16899414,34.08
Seychelles,SYC,1980,,,
Seychelles,SYC,1990,9528.466246685914,,
Seychelles,SYC,2000,14269.96906244946,338.5142415366667,42.8
Seychelles,SYC,2010,20072.04085943526,429.60307617200004,
Seychelles,SYC,2020,31463.801508311863,673.735546874,32.1
Sierra Leone,SLE,1980,,,
Sierra Leone,SLE,1990,1349.1762817895467,,
Sierra Leone,SLE,2000,1213.909913880348,19.760841369999998,
Sierra Leone,SLE,2010,1979.7184991365762,43.200848388,34.0
Sierra Leone,SLE,2020,2811.3920128943037,45.413788604000004,35.7
Singapore,SGP,1980,,,
Singapore,SGP,1990,25455.789102182232,,
Singapore,SGP,2000,41896.39572623074,745.1629231766666,
Singapore,SGP,2010,74301.79700544917,1535.378198242,
Singapore,SGP,2020,117305.8554338152,3428.914648438,
Sint Maarten (Dutch part),SXM,1980,,,
Sint Maarten (Dutch part),SXM,1990,,,
Sint Maarten (Dutch part),SXM,2000,,,
Sint Maarten (Dutch part),SXM,2010,37360.38863145822,,
Sint Maarten (Dutch part),SXM,2020,43107.62680161172,,
Slovakia,SVK,1980,,,
Slovakia,SVK,1990,7843.977788435169,,20.2
Slovakia,SVK,2000,11684.235810014721,223.28533427000002,
Slovakia,SVK,2010,25079.52856193288,1308.0379394519998,26.619999999999997
Slovakia,SVK,2020,36146.33636877948,1472.503808592,24.119999999999997
Slovenia,SVN,1980,,,
Slovenia,SVN,1990,12828.234589130667,,
Slovenia,SVN,2000,17931.9206591778,855.9147542300001,27.166666666666668
Slovenia,SVN,2010,28354.2706559846,2088.863012698,24.779999999999998
Slovenia,SVN,2020,44204.37602726654,2464.660156248,24.32
Small states,SST,1980,,,
Small states,SST,1990,6717.430100965376,,
Small states,SST,2000,9598.178122760026,288.15737593718563,
Small states,SST,2010,15429.38911721248,619.9171382853572,
Small states,SST,2020,20792.22313383664,873.2998123932936,
Solomon Islands,SLB,1980,,,
Solomon Islands,SLB,1990,1372.4262390326,,
Solomon Islands,SLB,2000,1554.660400284488,60.91959508666667,
Solomon Islands,SLB,2010,2163.885504505518,88.017396546,37.1
Solomon Islands,SLB,2020,2471.4806349499718,96.651126098,
Somalia,SOM,1980,,,
Somalia,SOM,1990,464.824378278703,,
Somalia,SOM,2000,468.8935002946799,,
Somalia,SOM,2010,842.4874292577024,,
Somalia,SOM,2020,1486.571532307262,13.981488036000002,
South Africa,ZAF,1980,,,
South Africa,ZAF,1990,6346.4978075032195,,
South Africa,ZAF,2000,8089.225541102079,206.13511657666666,57.8
South Africa,ZAF,2010,12710.79136947072,576.9049438459999,61.7
South Africa,ZAF,2020,13562.187494842301,552.9000488260001,54.1
South Asia,SAS,1980,,,
South Asia,SAS,1990,1241.2041751054132,,
South Asia,SAS,2000,2043.4043844729779,18.467555585251034,
South Asia,SAS,2010,4091.542857799828,41.69619144240844,
South Asia,SAS,2020,7570.3869434089775,67.45875774213421,
South Asia (IDA & IBRD),TSA,1980,,,
South Asia (IDA & IBRD),TSA,1990,1241.2041751054132,,
South Asia (IDA & IBRD),TSA,2000,2043.4043844729822,18.467555585251034,
South Asia (IDA & IBRD),TSA,2010,4091.542857799828,41.69619144240842,
South Asia (IDA & IBRD),TSA,2020,7570.3869434089775,67.45875774213422,
South Korea,KOR,1980,,,
South Korea,KOR,1990,9586.26139495613,,
South Korea,KOR,2000,18954.830362767883,505.10888672000004,
South Korea,KOR,2010,32815.4345783657,1385.788085938,31.96666666666667
South Korea,KOR,2020,49426.27618450693,2805.9131835939997,33.125
South Sudan,SSD,1980,,,
South Sudan,SSD,1990,,,
South Sudan,SSD,2000,,,
South Sudan,SSD,2010,2576.38025803061,,46.3
South Sudan,SSD,2020,,39.305519484,
Spain,ESP,1980,,,34.5
Spain,ESP,1990,14330.687907210935,,32.0
Spain,ESP,2000,21586.68665887044,1074.97133382,34.166666666666664
Spain,ESP,2010,32251.65288741188,2871.6212890640004,35.08
Spain,ESP,2020,44007.27178848347,2924.133984374,34.28
Sri Lanka,LKA,1980,,,
Sri Lanka,LKA,1990,2697.038609890847,,32.4
Sri Lanka,LKA,2000,4254.74883853067,41.22040557666667,40.2
Sri Lanka,LKA,2010,8490.101070032939,103.57794342,37.400000000000006
Sri Lanka,LKA,2020,13948.333842859498,158.844049074,37.7
St. Martin (French part),MAF,1980,,,
St. Martin (French part),MAF,1990,,,
St. Martin (French part),MAF,2000,,,
St. Martin (French part),MAF,2010,,,
St. Martin (French part),MAF,2020,,,
Sub-Saharan Africa,SSF,1980,,,
Sub-Saharan Africa,SSF,1990,1975.50695346942,,
Sub-Saharan Africa,SSF,2000,2313.518555480872,30.26466658927377,
Sub-Saharan Africa,SSF,2010,3658.924086309642,84.31737775341051,
Sub-Saharan Africa,SSF,2020,4604.861544462444,79.17690434584156,
Sub-Saharan Africa (IDA & IBRD countries),TSS,1980,,,
Sub-Saharan Africa (IDA & IBRD countries),TSS,1990,1975.5069534694267,,
Sub-Saharan Africa (IDA & IBRD countries),TSS,2000,2313.518555480872,30.264666589273798,
Sub-Saharan Africa (IDA & IBRD countries),TSS,2010,3658.924086309642,84.31737775341053,
Sub-Saharan Africa (IDA & IBRD countries),TSS,2020,4604.861544462444,79.17690434584156,
Sub-Saharan Africa (excluding high income),SSA,1980,,,
Sub-Saharan Africa (excluding high income),SSA,1990,2137.6916199762,,
Sub-Saharan Africa (excluding high income),SSA,2000,2513.909613212894,33.0993005764671,
Sub-Saharan Africa (excluding high income),SSA,2010,3956.2160388326693,92.26229747728863,
Sub-Saharan Africa (excluding high income),SSA,2020,4847.620406360695,85.12306177916523,
Sudan,SDN,1980,,,
Sudan,SDN,1990,1592.1892496744802,,
Sudan,SDN,2000,2637.3776855468777,15.295075416666668,
Sudan,SDN,2010,3859.47294921875,78.446183778,35.4
Sudan,SDN,2020,3613.281640625002,27.207831571999996,
Suriname,SUR,1980,,,
Suriname,SUR,1990,6778.919239077336,,
Suriname,SUR,2000,7666.901817899056,138.9502588933333,57.5
Suriname,SUR,2010,13328.17593700426,379.05797119,
Suriname,SUR,2020,18622.198378625242,410.83034057599997,39.2
Sweden,SWE,1980,,,22.9
Sweden,SWE,1990,20596.020726207633,,24.9
Sweden,SWE,2000,28792.608358137782,2261.5094401033334,26.566666666666666
Sweden,SWE,2010,42698.33788590912,5152.778417968,27.660000000000004
Sweden,SWE,2020,59493.10551865995,6135.461425784,29.919999999999998
Switzerland,CHE,1980,,,36.0
Switzerland,CHE,1990,28788.68799439637,,33.9
Switzerland,CHE,2000,36365.891773618394,3833.4140625,32.55
Switzerland,CHE,2010,55633.71046043864,7998.60078125,32.519999999999996
Switzerland,CHE,2020,78568.34936146221,10314.671875001999,33.68
Syrian Arab Republic,SYR,1980,,,
Syrian Arab Republic,SYR,1990,,,
Syrian Arab Republic,SYR,2000,,58.04930877666667,
Syrian Arab Republic,SYR,2010,,81.41037445,40.4
Syrian Arab Republic,SYR,2020,4012.205036313192,49.04614258,26.4
Tajikistan,TJK,1980,,,
Tajikistan,TJK,1990,2240.2900321677066,,
Tajikistan,TJK,2000,1056.723605864169,7.230655986666666,29.5
Tajikistan,TJK,2010,2343.499937695034,45.674024964,30.8
Tajikistan,TJK,2020,3736.6249738630418,69.38415985,35.95
Tanzania,TZA,1980,,,
Tanzania,TZA,1990,944.2821451822916,,35.3
Tanzania,TZA,2000,1179.158544921876,14.846631683333333,37.3
Tanzania,TZA,2010,2048.978979492188,37.438894652,37.8
Tanzania,TZA,2020,3258.661962890626,37.283522034,40.5
Thailand,THA,1980,,,45.2
Thailand,THA,1990,4903.760844118547,,45.666666666666664
Thailand,THA,2000,7312.077687438691,63.030595143333336,42.325
Thailand,THA,2010,12960.51601357056,172.163220214,39.22
Thailand,THA,2020,20097.83980177742,320.22197876,35.1
Timor-Leste,TLS,1980,,,
Timor-Leste,TLS,1990,764.8347155289354,,
Timor-Leste,TLS,2000,1289.1150531678918,,35.9
Timor-Leste,TLS,2010,1978.5315335804141,56.485682680000004,
Timor-Leste,TLS,2020,5360.968518590702,116.315223694,
Togo,TGO,1980,,,
Togo,TGO,1990,1091.5551263107834,,
Togo,TGO,2000,1328.4414997607241,13.58278656,
Togo,TGO,2010,1540.36756395883,31.111538697999997,46.0
Togo,TGO,2020,2447.931333101828,52.511987306,40.2
Tonga,TON,1980,,,
Tonga,TON,1990,2594.845520419147,,
Tonga,TON,2000,3824.563908730768,57.108795166666674,37.7
Tonga,TON,2010,4660.298895285416,197.619534302,37.5
Tonga,TON,2020,6753.374365679779,307.865246582,27.1
Trinidad and Tobago,TTO,1980,,,
Trinidad and Tobago,TTO,1990,7426.76743793485,,41.400000000000006
Trinidad and Tobago,TTO,2000,13887.806279323238,287.75335693333335,
Trinidad and Tobago,TTO,2010,30829.64875078156,824.2747314439999,
Trinidad and Tobago,TTO,2020,29636.27623976278,1134.922436524,
Tunisia,TUN,1980,,,
Tunisia,TUN,1990,4015.74519111508,,40.1
Tunisia,TUN,2000,6219.353543514366,116.55484772,40.8
Tunisia,TUN,2010,10363.545398552476,248.716149904,38.5
Tunisia,TUN,2020,12463.42567428852,248.027288818,33.7
Turkiye,TUR,1980,,,
Turkiye,TUR,1990,8531.525972747242,,
Turkiye,TUR,2000,8945.506988179552,174.36267089666669,41.4
Turkiye,TUR,2010,17924.84237903956,526.439605714,39.4
Turkiye,TUR,2020,31707.15688055938,394.48646850600005,43.61999999999999
Turkmenistan,TKM,1980,,,
Turkmenistan,TKM,1990,4929.499363509506,,
Turkmenistan,TKM,2000,4083.004677546514,108.15310923,40.8
Turkmenistan,TKM,2010,9298.072207727451,231.62564087,
Turkmenistan,TKM,2020,15942.2753182788,463.026586914,
Turks and Caicos Islands,TCA,1980,,,
Turks and Caicos Islands,TCA,1990,,,
Turks and Caicos Islands,TCA,2000,,,
Turks and Caicos Islands,TCA,2010,27218.47525063232,,
Turks and Caicos Islands,TCA,2020,27426.438422310464,,
Tuvalu,TUV,1980,,,
Tuvalu,TUV,1990,1760.5474058746668,,
Tuvalu,TUV,2000,2642.368141887434,273.60679118,
Tuvalu,TUV,2010,3132.899005379684,438.85092163,39.1
Tuvalu,TUV,2020,5155.550528048286,1056.139697266,
Uganda,UGA,1980,,,
Uganda,UGA,1990,695.9772530503487,,42.9
Uganda,UGA,2000,1137.694774698002,16.05541261,44.1
Uganda,UGA,2010,2067.309304002304,49.308549500000005,42.6
Uganda,UGA,2020,2577.9499189924745,41.311738584000004,42.7
Ukraine,UKR,1980,,,
Ukraine,UKR,1990,7102.45361328125,,29.7
Ukraine,UKR,2000,4352.696191406252,43.62823995,28.95
Ukraine,UKR,2010,8890.11220703125,217.834695436,25.2
Ukraine,UKR,2020,14985.968359375,273.8837089525,26.100000000000005
United Arab Emirates,ARE,1980,,,
United Arab Emirates,ARE,1990,87738.10089725738,,
United Arab Emirates,ARE,2000,89924.69222877345,716.5287068666667,
United Arab Emirates,ARE,2010,88678.43977881635,1623.164086916,
United Arab Emirates,ARE,2020,73541.00350445833,2096.066162112,26.4
United Kingdom,GBR,1980,,,28.54
United Kingdom,GBR,1990,16881.854208154935,,34.67999999999999
United Kingdom,GBR,2000,26343.96994172284,2153.2049560533333,36.9
United Kingdom,GBR,2010,36766.175243642865,4059.5021484359995,34.1
United Kingdom,GBR,2020,51106.64242640643,4823.371777341999,32.9
United States of America,USA,1980,,,35.3
United States of America,USA,1990,24549.9498966547,,38.12
United States of America,USA,2000,35766.07739784276,4926.055664063333,40.22
United States of America,USA,2010,49228.18320373082,7818.784960938001,40.92
United States of America,USA,2020,68334.68863668074,11409.09355469,41.019999999999996
Upper middle income,UMC,1980,,,
Upper middle income,UMC,1990,3375.515249133017,,
Upper middle income,UMC,2000,5226.909564686093,96.22875296330913,
Upper middle income,UMC,2010,11247.022759829833,305.1289602450682,
Upper middle income,UMC,2020,18406.88998133048,525.1937170726881,
Uruguay,URY,1980,,,43.6
Uruguay,URY,1990,7201.205914237483,,41.95
Uruguay,URY,2000,10723.86112090384,605.0227864566667,44.1
Uruguay,URY,2010,17723.86561501126,1054.597290038,43.44
Uruguay,URY,2020,27665.449158584477,1656.71213379,40.2
Uzbekistan,UZB,1980,,,
Uzbekistan,UZB,1990,2570.747516226397,,
Uzbekistan,UZB,2000,2653.663562870586,30.230397543333336,37.666666666666664
Uzbekistan,UZB,2010,5511.6003480291565,92.78559799199999,
Uzbekistan,UZB,2020,8932.947058240268,125.706648256,32.05
Vanuatu,VUT,1980,,,
Vanuatu,VUT,1990,1727.91389029757,,
Vanuatu,VUT,2000,2100.2289259144245,48.78958638333334,
Vanuatu,VUT,2010,2762.9697578388304,99.176176454,37.4
Vanuatu,VUT,2020,3250.74076016939,125.44691467,32.3
Venezuela,VEN,1980,,,55.6
Venezuela,VEN,1990,12720.176033120535,,42.95
Venezuela,VEN,2000,14090.80055495858,,47.95
Venezuela,VEN,2010,20860.338824214024,,
Venezuela,VEN,2020,,160.346897888,
Viet Nam,VNM,1980,,,
Viet Nam,VNM,1990,1306.80733427196,,35.7
Viet Nam,VNM,2000,2630.807449378618,22.834724426666668,37.0
Viet Nam,VNM,2010,5491.387977178618,85.193824766,36.833333333333336
Viet Nam,VNM,2020,11720.52361854288,168.51065979,36.199999999999996
Virgin Islands (U.S.),VIR,1980,,,
Virgin Islands (U.S.),VIR,1990,,,
Virgin Islands (U.S.),VIR,2000,32113.4399904542,,
Virgin Islands (U.S.),VIR,2010,39760.88573577306,,
Virgin Islands (U.S.),VIR,2020,43040.785328977436,,
World,WLD,1980,,,
World,WLD,1990,5780.617063889819,,
World,WLD,2000,7976.972075071169,494.1330518250413,
World,WLD,2010,13086.276567172461,914.5046139999249,
World,WLD,2020,19038.65016921708,1166.995774740198,
Yemen,YEM,1980,,,
Yemen,YEM,1990,1849.5822207577467,,
Yemen,YEM,2000,2605.614137026444,23.9354496,35.0
Yemen,YEM,2010,3300.29909705677,60.127042392,
Yemen,YEM,2020,,78.680665588,
Zambia,ZMB,1980,,,
Zambia,ZMB,1990,1520.21731603894,,59.4
Zambia,ZMB,2000,1717.022647732166,18.98384698,45.6
Zambia,ZMB,2010,3046.051330019014,62.938760376000005,52.0
Zambia,ZMB,2020,3460.946017474136,73.0216568,51.5
Zimbabwe,ZWE,1980,,,
Zimbabwe,ZWE,1990,2779.36508566555,,
Zimbabwe,ZWE,2000,3443.557846809078,,
Zimbabwe,ZWE,2010,2680.18580776117,87.98944346333333,43.2
Zimbabwe,ZWE,2020,4511.995393616771,70.164786532,50.3
