"Year","Sex","Country/Region/World","ISO","Prevalence of BMI<18.5 kg/m² (underweight)","Prevalence of BMI<18.5 kg/m² (underweight) lower 95% uncertainty interval","Prevalence of BMI<18.5 kg/m² (underweight) upper 95% uncertainty interval","Prevalence of BMI>=30 kg/m² (obesity)","Prevalence of BMI>=30 kg/m² (obesity) lower 95% uncertainty interval","Prevalence of BMI>=30 kg/m² (obesity) upper 95% uncertainty interval","Prevalence of BMI 18.5 kg/m² to <20 kg/m²","Prevalence of BMI 18.5 kg/m² to <20 kg/m² lower 95% uncertainty interval","Prevalence of BMI 18.5 kg/m² to <20 kg/m² upper 95% uncertainty interval","Prevalence of BMI 20 kg/m² to <25 kg/m²","Prevalence of BMI 20 kg/m² to <25 kg/m² lower 95% uncertainty interval","Prevalence of BMI 20 kg/m² to <25 kg/m² upper 95% uncertainty interval","Prevalence of BMI 25 kg/m² to <30 kg/m²","Prevalence of BMI 25 kg/m² to <30 kg/m² lower 95% uncertainty interval","Prevalence of BMI 25 kg/m² to <30 kg/m² upper 95% uncertainty interval","Prevalence of BMI 30 kg/m² to <35 kg/m²","Prevalence of BMI 30 kg/m² to <35 kg/m² lower 95% uncertainty interval","Prevalence of BMI 30 kg/m² to <35 kg/m² upper 95% uncertainty interval","Prevalence of BMI 35 kg/m² to <40 kg/m²","Prevalence of BMI 35 kg/m² to <40 kg/m² lower 95% uncertainty interval","Prevalence of BMI 35 kg/m² to <40 kg/m² upper 95% uncertainty interval","Prevalence of BMI >=40 kg/m² (morbid obesity)","Prevalence of BMI >=40 kg/m² (morbid obesity) lower 95% uncertainty interval","Prevalence of BMI >=40 kg/m² (morbid obesity) upper 95% uncertainty interval"
1980,"Women","United States of America","USA",0.051661672142486806,0.039218289979513,0.0662730172708523,0.13913877179316095,0.12025279840882376,0.15915467028690242,0.10479604862755273,0.08979734606387363,0.12164307139758337,0.475620988355624,0.4479646032128271,0.5035422861837252,0.22878251708117545,0.20493681860405985,0.25329227787128844,0.09056573153681838,0.07432660122684145,0.10850292607646175,0.03153868491066706,0.023699908901605712,0.040806452009683365,0.017034355345675503,0.01133877384093852,0.024359680877215743
1981,"Women","United States of America","USA",0.049340191720723243,0.03815686867213365,0.06226104740519535,0.14577721237288685,0.1279448170067081,0.16459794748826317,0.10185947352159859,0.08809723844637492,0.11688787618636741,0.4712149508648215,0.4455054368236432,0.49665820650669623,0.23180816951996985,0.2097979556894484,0.25425927216801186,0.09420263475005941,0.07891832984181657,0.11105824186321382,0.03344923147801864,0.025838110614039934,0.0422329542610958,0.018125346144808815,0.012641426547327164,0.025038652589590846
1982,"Women","United States of America","USA",0.04709057902173327,0.03711409439947899,0.0585655463729614,0.15265840078036133,0.13571457263878647,0.17054543040626033,0.09895340863479855,0.08637503182853548,0.11264153632423116,0.4665363896865698,0.4429275717899009,0.4896279184992942,0.23476121987653711,0.21446216212504468,0.2557412517899232,0.09792443296900423,0.08334553663781702,0.11388780800191485,0.0354553906667338,0.027992543470840268,0.04381571353309606,0.01927857714462329,0.013929479047852123,0.025967583360613684
1983,"Women","United States of America","USA",0.04492652206589638,0.035814998914747945,0.055232198621397804,0.15975411422628272,0.14324761682976425,0.17684709075247754,0.09607569827874929,0.08452040922612898,0.108542642384872,0.4615958204942917,0.43969739284490855,0.48305809167240954,0.23764784293477992,0.21835920247203336,0.2574424409627522,0.10171191017073782,0.08779697373358404,0.11678343747428616,0.037550482430358044,0.030157472616379723,0.04547963367158002,0.020491721625186855,0.01524725241597823,0.027033558629644072
1984,"Women","United States of America","USA",0.042846088981689484,0.03456579065789642,0.051986882027884394,0.16702668304383037,0.15114329447839733,0.18340366092657218,0.09324367640510851,0.08221738034105303,0.10496115832697653,0.45645700839175385,0.43549999338399514,0.47657764708413114,0.24042654117761775,0.22247936200880405,0.25915717025854684,0.1055295762059114,0.09206935081058658,0.12012545417740218,0.03973636552598268,0.032425177151562755,0.047381357454188075,0.02176074131193628,0.016557999075264253,0.02834181413855267
1985,"Women","United States of America","USA",0.04083998832820322,0.03325415774138168,0.04910890565593285,0.1744033365950417,0.15893906248543072,0.1902403273471416,0.0904810675753222,0.08021290962243573,0.10142096513377749,0.4511690919076214,0.4312931604291612,0.47036516628578373,0.2431065135938115,0.22597853753544836,0.2607452884589167,0.10932468878703804,0.09637850714395091,0.12326840297238803,0.04199993247562326,0.034781714320612694,0.049448491940358025,0.0230787153323804,0.017991810835238604,0.02944963002906856
1986,"Women","United States of America","USA",0.03891363553117734,0.0319231062397641,0.04645514149355308,0.181882833844174,0.16695483952839577,0.1974020778314615,0.0877647256267359,0.07816021076110814,0.09801109175456192,0.4457493564044677,0.42666932176872263,0.4641225773969024,0.24568944659344502,0.22949551845231103,0.26252414919349537,0.1131055257971449,0.1002655826848081,0.12688325161958156,0.04433313920000219,0.03728910592143352,0.051733450888532345,0.024444168847026885,0.019421847437593703,0.030597363741223446
1987,"Women","United States of America","USA",0.03706435625974976,0.030668158455685005,0.04400103261184327,0.18944571020557785,0.17486824839235696,0.20462145137666476,0.08511393589917728,0.07611108608077087,0.09482015509629192,0.4402247267221947,0.4222691288664425,0.4574536983367321,0.2481512689133004,0.2326184939885641,0.2643112725160823,0.1168570542851606,0.10432112193719298,0.13015469698139231,0.04673726864180555,0.039885060211235786,0.05412034740233553,0.025851387278611682,0.020869583236272346,0.031909497140803676
1988,"Women","United States of America","USA",0.03530685708991276,0.029398024710225693,0.041736093790261206,0.1971046801293281,0.1828478009416068,0.21158799073970924,0.0825236667105813,0.07402544691772983,0.09166116020685781,0.4345553234820251,0.4172312377367917,0.4511560769512972,0.2505094705881527,0.23551285418852777,0.2661251216811475,0.12059541575652641,0.1083843424985397,0.1335913770297066,0.049197180470552555,0.0423914691478266,0.056451640140423406,0.02731208390224914,0.02226571868889607,0.033306083607663864
1989,"Women","United States of America","USA",0.0336469306231353,0.02815525407697602,0.03967291116367509,0.2048690260542661,0.19091974719382002,0.21903102878372047,0.0799934016511111,0.07203874833340806,0.08858709616112287,0.42871386693247954,0.4120595685638014,0.44477753961382116,0.252776772739008,0.23825475222223627,0.26782879094798506,0.12432721726093415,0.1125709692846784,0.13717362761981416,0.051702896043412695,0.044963170278264714,0.058835615511098824,0.028838912749919243,0.023675062084657944,0.03467839799945662
1990,"Women","United States of America","USA",0.03209014466792485,0.02698651215755964,0.037600724656943994,0.21274685391368955,0.19907295540585493,0.22648012789976057,0.07754023642006529,0.06997355493935149,0.08555398634378351,0.42266393136014535,0.4067612405243921,0.43805148869274485,0.25495883163817495,0.240721550633128,0.2695342205396583,0.12803170733713212,0.11629516439876428,0.14050403269938788,0.05425363560790901,0.04752188399771413,0.06142277647527144,0.030461510968648416,0.02518580614654723,0.03629513442656421
1991,"Women","United States of America","USA",0.03064808692322496,0.025916314001285034,0.03570479703897904,0.2207502340842742,0.20708256298825806,0.23426352072613374,0.07515841608100593,0.06809922238627454,0.0826551558389801,0.41634907176371205,0.40111887681328456,0.4314498037324855,0.25709418914778276,0.24323961777330416,0.2712652108302815,0.13171299023384128,0.1199836484965788,0.1436638540370557,0.05684372672047841,0.0501650506936133,0.06397310917558066,0.03219351712995449,0.026750939100454275,0.03801893052620608
1992,"Women","United States of America","USA",0.029323311282532558,0.0248469123124488,0.03399618849887328,0.22884002201682566,0.21553137907956502,0.2420956799090288,0.07287097853833722,0.06606729969411432,0.08007813178177478,0.40980953367579287,0.39496110564948717,0.42435749345236506,0.2591561524865117,0.24575704219401706,0.2729929588728451,0.13534635692207073,0.12400613978834536,0.1470845040931021,0.05944386495298919,0.05269310605861825,0.06659651582470794,0.034049800141765715,0.02850492388044322,0.03989568503186666
1993,"Women","United States of America","USA",0.028139364819608347,0.0239595159406885,0.03259800593849973,0.23703704287548355,0.2239922420291101,0.25015194075905745,0.07069066108637842,0.06415593675794276,0.0774697607994877,0.40298425521147796,0.3888406426756684,0.41710751297471865,0.2611486740070517,0.24794475735136262,0.27481831363301135,0.13892976640824925,0.12772919814615397,0.15031927537229794,0.06206176198264445,0.0553114323227941,0.06919350935906039,0.03604551448458986,0.030468325834821952,0.04193994353284438
1994,"Women","United States of America","USA",0.02710752393616506,0.023096065103782547,0.03128980861317844,0.24534480281603607,0.23261816958696768,0.2584213352859489,0.06863798106907724,0.06243541728243688,0.0750770098814815,0.39590956544801825,0.3819062200448171,0.4099596281338953,0.2630001247307034,0.2502449948711744,0.27623963563256027,0.14244642498088145,0.131537432271669,0.1539879118848106,0.06469969198893982,0.05795703090836474,0.07198997044536645,0.0381986858462148,0.032557073385196575,0.04415840284142977
1995,"Women","United States of America","USA",0.026227422509802062,0.022378884923796784,0.03011559354098847,0.2537791690537489,0.24111921791476815,0.26670299603762687,0.06670594591753826,0.06085165157484593,0.07284998867039846,0.3885650269958688,0.3746099683732148,0.40239643041496703,0.26472243352304187,0.25219700065685474,0.27756882406169625,0.14588780083572173,0.13524601748534312,0.15716340724338135,0.06736743884778655,0.060725994994479976,0.0746086915334796,0.040523929370240665,0.034696576136023304,0.046619297552969535
1996,"Women","United States of America","USA",0.025493794595211554,0.021873336727185402,0.029248629212421762,0.26236797265824224,0.24981747168052673,0.2752347756318139,0.06485212566147099,0.059218768605827456,0.07083200870202802,0.3809826459968295,0.367688267703405,0.3947064412030412,0.26630345908824565,0.25398016209652974,0.2788698178962398,0.14924860098881404,0.13858928859128217,0.1603000797157621,0.07008055475691329,0.063403821512413,0.07722222488558267,0.04303881691251492,0.03708769637664579,0.049350356671161284
1997,"Women","United States of America","USA",0.02489228030258628,0.021397287609576498,0.028566974636975915,0.27111819820702066,0.25870975523702094,0.2836289618378896,0.06306915719087838,0.05764129635136151,0.0688860743215238,0.37317359080243995,0.3602179150989456,0.38621689287430366,0.26774677149707476,0.255646834983415,0.28012419054323406,0.1525375273904716,0.14208004645190245,0.1635052047460921,0.07284730623727137,0.06611440042686995,0.07998622409896809,0.0457333645792777,0.039785867600735124,0.05229374258994139
1998,"Women","United States of America","USA",0.024417529223926614,0.021017699696084892,0.027996503544031392,0.27992179508805454,0.2677497721390859,0.29212426933628116,0.061356303386211127,0.0561148061655527,0.06696246426955126,0.36530613864288747,0.35249765962786433,0.37806502851374924,0.26899823165892023,0.25705399460322254,0.2810313483088761,0.15572298180081062,0.145291358064137,0.1665153671504073,0.07560870171298836,0.06881264274381017,0.08266067343388919,0.048590111574255544,0.04246302389574199,0.05524972710604723
1999,"Women","United States of America","USA",0.024059342425429193,0.020799011883739654,0.0275042349572985,0.2887081183133834,0.27652084614797035,0.3013363777090101,0.05971565417021946,0.05469491468893783,0.06509087032886707,0.3574418291451063,0.34496307162894174,0.3701352314423385,0.2700750539458616,0.2584582008954068,0.28205144763596957,0.15877725217195773,0.14842172839383144,0.16932474907175774,0.07833793840792318,0.0714574284017453,0.08544553054875365,0.05159292773350248,0.04526985972090877,0.05839836850413758
2000,"Women","United States of America","USA",0.02379870755108592,0.02061261640761213,0.02716867245788149,0.2974188530895275,0.2853482498939767,0.3100320097753412,0.058148081853184284,0.05331926565074651,0.06341467433394758,0.34969485912885956,0.33759283472098106,0.36213178118591005,0.27093949637734277,0.25968436849942994,0.28267285070487075,0.16168544010855093,0.15147977272726845,0.17199512101966652,0.08100614833234493,0.07401626245004081,0.08825840445632446,0.054727264648631604,0.04816076076550514,0.06177967332925204
2001,"Women","United States of America","USA",0.02360499552895529,0.020482522142617938,0.02692831393949392,0.30597889183233073,0.2939126339050753,0.3186924100569766,0.05665940034863901,0.051974585701662725,0.06170763127680019,0.3421734822780364,0.33047669809372116,0.3543653834340521,0.27158322801203855,0.2603494768330008,0.2829839208461248,0.1644250521733169,0.1541909123982435,0.17450624171021292,0.0835975510108784,0.07664773676292758,0.09094823172516117,0.05795628864813543,0.05118953626761284,0.06533422004408077
2002,"Women","United States of America","USA",0.02345300050409348,0.02035811140585178,0.026750360517267698,0.3143358176883337,0.30210748116622793,0.32700891180164293,0.0552393171153682,0.05065957397717351,0.06013861565450768,0.33495118294638393,0.32358189283184613,0.34690416299567006,0.2720206797458206,0.2609746968188904,0.2833811349048592,0.1669870303939537,0.15687289817070588,0.17689909890648284,0.08610888233258185,0.07901429703411432,0.09338740355994082,0.06123990496179812,0.05431499641567765,0.06876674106725081
2003,"Women","United States of America","USA",0.023330964524696202,0.020284724793835286,0.02666364495451006,0.3224653603932112,0.31021576271351037,0.33503373047659546,0.05387948589647363,0.04943050660201691,0.0586724153906677,0.328081548936023,0.3167381794738042,0.33995405020294983,0.27224263824959594,0.26131164113631483,0.28339223486392306,0.16939538262723602,0.15952910294507902,0.17932668655119507,0.08852129229065421,0.0814152167212144,0.09586290291661477,0.06454868547532096,0.05741310810115283,0.07228769701768495
2004,"Women","United States of America","USA",0.02323173341978222,0.020251062904251934,0.026555363021402153,0.33037081555098635,0.3182278384067061,0.34289849395724636,0.052560010639960374,0.04824775830148095,0.05711866151866515,0.3215528750136933,0.3103173603686906,0.33324381694454025,0.27228456337557777,0.2616613300866548,0.2831654283154404,0.17165484186523083,0.16177766905531676,0.18153425289576655,0.09084658883572201,0.08376047459726638,0.09818420624570555,0.0678693848500335,0.060564323027762296,0.07592394368218387
2005,"Women","United States of America","USA",0.023145771272011756,0.02022326393821473,0.026416570634418247,0.3380623213375771,0.3257880999244476,0.3504987918961861,0.05126061579812222,0.04706951138013699,0.0556817696760303,0.3153221221715636,0.30435286609830664,0.3269238184250266,0.2722091674207254,0.26182215789757174,0.28284913025547254,0.17378631509667153,0.16418513090405906,0.18351598669981403,0.0930933407451234,0.08600306680390706,0.100391889435606,0.07118266549578214,0.06365710220299926,0.07943359094532498
2006,"Women","United States of America","USA",0.02307007113050862,0.020121707295184074,0.026374469669583078,0.3455058769916999,0.3331025059816738,0.35782157789434377,0.04998013856308545,0.04586525128862236,0.05431736435224886,0.30938231786495246,0.29869959749697944,0.3207519951305522,0.2720615934497536,0.261556885500751,0.28244066937118023,0.1757722217012947,0.1662063263183166,0.18553903453166043,0.09524244358433955,0.08823579566394715,0.10255627946014727,0.07449121170606565,0.06683348090929853,0.08297169231281726
2007,"Women","United States of America","USA",0.023000742143945166,0.02010170764931972,0.026315606527218795,0.3527229217358304,0.3405520038704325,0.3647423411711149,0.04870711760257428,0.04472099957574158,0.05291365519240325,0.30366543999445195,0.2930689648026082,0.3147038367145201,0.27190377652319814,0.2614427116304811,0.2822798465416516,0.1776674786059558,0.16807389573407328,0.18734824333267666,0.09727938821957832,0.09011359081183028,0.10473502089697488,0.0777760549102963,0.06968852071708469,0.08658886157729727
2008,"Women","United States of America","USA",0.02293749542592084,0.019977794317295784,0.026233292668401634,0.35967541173449347,0.34731481720161544,0.37180468030818026,0.04747161223561502,0.04352686195393459,0.051655009692814356,0.29818203980447056,0.28750297537261094,0.30922821344199214,0.2717334387995001,0.2611787369425345,0.2822050751910269,0.17943982187734053,0.16963952619115755,0.1892207927765707,0.09921349936428024,0.09190567477162687,0.10675936124238766,0.08102209049287268,0.07260278044919238,0.08992611324250285
2009,"Women","United States of America","USA",0.022887205132747567,0.019890264489464276,0.02620425863057575,0.36623413720912423,0.3536915151711195,0.37858619319188924,0.04630162631665547,0.042461447274804935,0.0504300963998515,0.29300856801772696,0.2821835195154783,0.3040331885911492,0.27156846132374574,0.26101390369645516,0.281973396942516,0.18102037640450186,0.1711871460470336,0.1908134748803148,0.10101234830571106,0.0935952966642478,0.10872187888158252,0.08420141249891139,0.0754330886100968,0.09339004160508566
2010,"Women","United States of America","USA",0.022850672030414642,0.019814758718263055,0.026172986548938168,0.37234021791714367,0.3597480101937029,0.3849447496155036,0.04523437507843666,0.041358878664639685,0.04936899463360236,0.2881393142599992,0.27708325731739036,0.29925842126671554,0.2714354187140057,0.26076982876950777,0.28223868008577996,0.18239986675630215,0.1723667976432141,0.19237948180631048,0.10268885643479676,0.09515390509040557,0.11065832334017477,0.08725149472604482,0.07829067341510657,0.09662433090678677
2011,"Women","United States of America","USA",0.02281463063062555,0.01972643849664508,0.026163672663329127,0.3780197467388119,0.3650630560962682,0.39065060854647027,0.04426590680244479,0.040398316714934476,0.048414196506662545,0.2835228097101167,0.27235640741667577,0.2950305513653697,0.27137690411800114,0.2605565943804278,0.2824140866334674,0.18359684165788492,0.17321968667161897,0.19393883744561438,0.10425197111032494,0.09644790834698068,0.11258828515264717,0.09017093397060201,0.08082896852530225,0.10000538727986646
2012,"Women","United States of America","USA",0.02277652931618233,0.01961178685847279,0.026128777284477663,0.3833229973095767,0.36995834714530995,0.39630947463034455,0.043402853217810324,0.03949983252972983,0.047597598969961206,0.27906785898075115,0.2677180524093677,0.29071950301765015,0.27142975917567946,0.26020416047558276,0.2828397921379615,0.1846114428879806,0.17414221219069567,0.1953364203069988,0.10573598470951867,0.09772204067058149,0.11428370053421051,0.09297556971207746,0.08336254513655313,0.10313588529041881
2013,"Women","United States of America","USA",0.02272557936242687,0.01947511111612378,0.026205342560780328,0.38835363333579276,0.3745193500263148,0.4018989519222236,0.04261485209537033,0.038598264134528514,0.0468232050451833,0.27468932872483026,0.2630642662557758,0.2865745068477021,0.2716166044815798,0.260140111060709,0.28330714086692554,0.18544629832119935,0.17476874862249686,0.19645436605909974,0.10718649547341774,0.09869301246996608,0.11608654418758903,0.09572083954117565,0.085804940749042,0.10616641410328692
2014,"Women","United States of America","USA",0.022664791790244835,0.019318919872586354,0.02622156964850724,0.3931454810238692,0.3788395047204242,0.40724634681826816,0.041871004967417635,0.037778632559422126,0.04612961215390176,0.27038280761958416,0.2583766855805098,0.2825598700621963,0.2719359125988841,0.25994801495352926,0.28402179323903476,0.18609223343682146,0.17498088173239598,0.19750166204836683,0.10863410436189841,0.09977884234404032,0.1179033854945532,0.09841914322514941,0.08805661489304825,0.10966004046316176
2015,"Women","United States of America","USA",0.022604734361472655,0.019181172426696712,0.026306488519897364,0.3977115561365169,0.38257280359675455,0.4123858458147657,0.04114508861370339,0.036888721131571815,0.045551736695993245,0.2661644997283736,0.2539847020058308,0.27876895650151784,0.2723741191599334,0.2596850784581022,0.28508422318149257,0.1865260632832843,0.17491469498230758,0.19853590586074726,0.1100804332360925,0.1008320687832315,0.11970306130861064,0.10110505961714004,0.09012849230568146,0.11308464100075657
2016,"Women","United States of America","USA",0.022544457144788733,0.01895526935123634,0.026419402438711704,0.40208317897425955,0.38612954680934364,0.41776647229477126,0.040429693874589744,0.036000732414970454,0.04504807138906734,0.2620739221302531,0.24940238912574902,0.27512215577489474,0.2728687458761089,0.2594838196913381,0.2862770447681181,0.1867547229749354,0.17455464067567308,0.1996104627509316,0.11153620436915748,0.10157522165061182,0.1217605807201529,0.10379225163016668,0.09192653780625219,0.116469022674569
2017,"Women","United States of America","USA",0.022496426829853963,0.018678420531396175,0.026666811763181072,0.40624008844816845,0.38935365039032915,0.423412238294224,0.03973087442383428,0.03510752480480925,0.04464238630640905,0.25813277849277355,0.2445335233275627,0.27202511978357224,0.2733998298053698,0.25901827285346585,0.28768008444411614,0.1867558390411913,0.1738058178247738,0.20033612980584956,0.11295874671775553,0.1021835265713856,0.12394111460871429,0.10652550268922155,0.0937483449136651,0.1203400761166709
2018,"Women","United States of America","USA",0.02246009910036137,0.01837478951703131,0.02702088552858177,0.41015338907888066,0.3914640415697994,0.42888597919577537,0.03907620267633856,0.03409494409970651,0.04433048383646901,0.25438517313003134,0.2397100980310009,0.26941658618816033,0.2739251340143881,0.2583646772966119,0.28945902126117945,0.18653360143377923,0.1726515422019194,0.20122923443082347,0.1143132555949766,0.10252264675967451,0.12619141615732227,0.10930653205012478,0.09537884279306073,0.12431094037742155
2019,"Women","United States of America","USA",0.022444490123349415,0.018020425121766968,0.02740665465368155,0.41385585313456885,0.39345080743103156,0.43434289491011036,0.0384599659899682,0.033096333886878736,0.04421058089898942,0.25080231493472194,0.23485020944578586,0.2672656767822189,0.27443737381739164,0.2573106496344773,0.2915827215847866,0.1861113489415807,0.1706500202233658,0.2024041709329941,0.11561040515147387,0.10282729296133546,0.1287531592746537,0.11213409904151427,0.09640934454935718,0.12905460330893845
2020,"Women","United States of America","USA",0.022449618831956654,0.017686512824420703,0.02796442342427576,0.41740517881311023,0.3946220918011858,0.4403524407669466,0.03787860579676437,0.03203543055759757,0.04421075576335984,0.24733685978199052,0.22969999566644145,0.26549831510758864,0.2749297347761782,0.2558636584537968,0.2939248860770772,0.18556381663902738,0.1682310018101919,0.2038205521999145,0.11683561938338921,0.10246962945685749,0.13163648078986198,0.11500574279069363,0.09743582947761388,0.13369270630038138
2021,"Women","United States of America","USA",0.022472870593693264,0.017218018811615218,0.02861896328907893,0.42086768030343824,0.3954637987953429,0.44680653831606576,0.03732413948050855,0.030953219158347003,0.04435650473708108,0.24394397851647096,0.22377326248950052,0.26428084767632126,0.2753913291058889,0.2535499794561125,0.2968933741997043,0.184916926200597,0.16523557914845363,0.20578148058076018,0.11802623490079696,0.1017288217831302,0.13486454924278912,0.11792451920204433,0.09759280512660792,0.1395381138931156
2022,"Women","United States of America","USA",0.0225134052282421,0.016762232924934693,0.02933109280927255,0.4242724679972746,0.39539012975860033,0.45391884887674405,0.03679491962549846,0.02978422231712654,0.04460114521088597,0.2406000145679814,0.21750266788205055,0.26355509146857725,0.2758191905810034,0.25129721242412745,0.30052671141421566,0.18420103069922183,0.1619973827772908,0.2076200982352773,0.11919278112844742,0.10093054205686146,0.1385628339647187,0.12087865616960532,0.09778812511200816,0.14536915261820688
2023,"Women","United States of America","USA",0.022563903779161825,0.016184574447183086,0.030115631769954604,0.42768150121493037,0.39460974526268783,0.46170016667011365,0.03628276756163171,0.02857002705701077,0.04499952870379408,0.2372653939070636,0.21077955372170648,0.26319909067246855,0.27620643153721247,0.24881716660896136,0.30426217942291883,0.18344504287679975,0.15793609537824205,0.20983560575931573,0.12035639028567396,0.09983067355055544,0.14236928596900963,0.12388006805245665,0.09755108024431851,0.1520683756098616
2024,"Women","United States of America","USA",0.02262234378213396,0.015493087730478612,0.031197798208511773,0.4310967566287209,0.3936719090899903,0.4697325835906475,0.035785213362871916,0.027334099283422342,0.04572419797192957,0.233942877240642,0.20448755246252148,0.26402414210384506,0.2765528069856313,0.24544162029757563,0.30864504945338556,0.18265947792293033,0.15383812517781312,0.21257648241321467,0.12151798775097973,0.09822243736518883,0.14683992053788456,0.12691929095481078,0.09720468945547295,0.15932344543400773
1980,"Men","United States of America","USA",0.015031805673349703,0.009750321907932125,0.02238025707389881,0.10840492012287167,0.09133912677647837,0.12724918626124246,0.045882405829672956,0.03718323195283639,0.05606226936919679,0.45688237425206524,0.42725672441696366,0.48593614157646475,0.3737984921220404,0.3448578974470524,0.4026223611964467,0.08955228219700123,0.07290616252725536,0.10782960972656602,0.014500747793649611,0.009972693938610732,0.02000181844038768,0.0043518901322208365,0.0023408178520533045,0.007165387108157681
1981,"Men","United States of America","USA",0.014390768084152987,0.009651770226806258,0.02072746643871788,0.11351818564808966,0.09762561887493833,0.13095995216728534,0.0443644450940944,0.03659214967920303,0.053417441632497883,0.45060591743195405,0.4237544327930349,0.4771831629077113,0.37712068174170893,0.3509900227623925,0.40335909880421367,0.09347452373939107,0.07787114050017248,0.11029778628301233,0.015423854822921346,0.011044092594439227,0.020614475100024364,0.0046198070857772396,0.0026762922256317566,0.007225036593085245
1982,"Men","United States of America","USA",0.013783958919189224,0.009534586020567342,0.019273373197032876,0.11884028819328,0.10382911851531333,0.1351809873323515,0.04288671064211967,0.035845862503767326,0.05092436152561933,0.44408915640975494,0.419536690861244,0.46880513664195583,0.38039988383565615,0.35635002303379465,0.40497861580631667,0.09752994314203117,0.08267089977123632,0.11333557651640964,0.01640078435372904,0.012168292121158181,0.021310887251931147,0.00490956069751979,0.003026709229933264,0.007307391645467584
1983,"Men","United States of America","USA",0.013216067567817829,0.009346164498241084,0.018020910429207084,0.12436884707987904,0.10998235637718468,0.1399679968200655,0.041444993361373555,0.034957188991836835,0.04888163169558016,0.4373115635011684,0.414298358903791,0.46021011567675857,0.3836585264897612,0.36134388554820274,0.4066878909119909,0.10171662844598811,0.08757865292722626,0.11686864309273838,0.017436137930333453,0.013312233653694674,0.022136865325687857,0.0052160807035574654,0.003383924804246616,0.0075128766880324235
1984,"Men","United States of America","USA",0.01268809703774179,0.00920560803384154,0.016968743664713053,0.13011006798348929,0.1162998099940431,0.14509531920460794,0.04004564752947254,0.03409840563758326,0.04685475598718201,0.4302151052672943,0.4083939597168997,0.45174828771015996,0.386941080182002,0.36529621981634763,0.4084765406465399,0.10604993760222842,0.09241098298846294,0.12067925884850282,0.018521086651928156,0.014456768182970162,0.02312856975412415,0.0055390437293327075,0.003724955501430144,0.007690526550235999
1985,"Men","United States of America","USA",0.012201130101440989,0.00903349869886523,0.01603908534992913,0.1360502483352162,0.12247471267803611,0.15084309460140777,0.03869139434362304,0.03308660771279274,0.04512799744947146,0.42278368990317683,0.40183677053216127,0.44329375116183345,0.39027353531654296,0.3699657036300814,0.41090109595309493,0.11051741168388039,0.09702355225142928,0.12460321773768623,0.019653464277034783,0.015635905782058042,0.024219391610158306,0.005879372374301013,0.004084551373657266,0.008008946182983706
1986,"Men","United States of America","USA",0.011755851112342862,0.00882048567013775,0.015208365150214877,0.14218630806773952,0.1287395919880713,0.15652936270359044,0.03739317504329808,0.032190795125821174,0.043332989968172295,0.41505259771410413,0.39521952778788644,0.43451455667741684,0.3936120660625154,0.37362936167404187,0.4135858786575037,0.11512672738835175,0.10185294525503473,0.12883868270101884,0.020820510528861188,0.016789125941771368,0.02544819956966566,0.0062390701505265775,0.004426294051922092,0.008337854946588643
1987,"Men","United States of America","USA",0.011355491531555108,0.008675670593749057,0.014539530920372497,0.14855077703319178,0.13529642645956655,0.1624678261415567,0.03615911318686088,0.031225741296802237,0.04175060159876305,0.4069904595910302,0.38807584961521635,0.4255468565951961,0.396944156657362,0.3778177247273718,0.4159729994699501,0.1199119806968075,0.10694722045963231,0.13332148462066182,0.022011511616650947,0.017949986827613337,0.026613202024709234,0.006627284719733314,0.004793565549132164,0.008785473005049577
1988,"Men","United States of America","USA",0.01099457893614834,0.008520659859040169,0.013894151543294167,0.15522368824074026,0.14202726511681793,0.16903976874819418,0.03499227998309166,0.030341473426753994,0.04020161810137266,0.39861999088658445,0.3804788823246282,0.41630362210476746,0.4001694599534353,0.3818369579618482,0.4180706311945781,0.12491689015705484,0.11216873743824542,0.1381944318287013,0.02325055734536656,0.01920747312993165,0.027778885281991482,0.0070562407383188645,0.0052048510158698045,0.0092669437892091
1989,"Men","United States of America","USA",0.010673061679321236,0.008333965681400797,0.013371412497261622,0.1622410553468444,0.14926640844729866,0.1760046961442577,0.03389741862686589,0.02950430277552529,0.038792192196751694,0.38994016340606635,0.3727167500555783,0.4066834663576401,0.4032482989409021,0.385738193317825,0.42060052287058236,0.13013972927158146,0.11759330855845002,0.14331019413032986,0.02455318507777009,0.02055998704756499,0.02904865512480366,0.007548140997492856,0.005663224222083276,0.009838585135518968
1990,"Men","United States of America","USA",0.01039356019356349,0.008210729357061809,0.01293145337582698,0.16964591428367343,0.15679021301629642,0.183147814382151,0.032878292719677016,0.028684072997469855,0.03753528280546284,0.3810568477655861,0.36496003903992835,0.3972683819144293,0.40602538303749997,0.3893304102148348,0.4228904810049972,0.13557250186149145,0.12302883953127611,0.14848558296783712,0.025949745767168325,0.021855326101206593,0.03052358109408621,0.008123666655013656,0.00614895031644522,0.010488807662933546
1991,"Men","United States of America","USA",0.010155911231567291,0.008076381416094017,0.012557632353255403,0.1774595937494826,0.16456497149747285,0.19112942200720748,0.03193095588758839,0.027909539868226894,0.03642495170909327,0.37204815691991866,0.3564955411645705,0.3877846553150842,0.40840538021144307,0.3920643456616641,0.4246025621968262,0.1411757896838927,0.12875906270170892,0.15391951288415526,0.02749194555979172,0.023310257838580446,0.03218125298295882,0.008791858505798202,0.006700626573976119,0.01127838318092308
1992,"Men","United States of America","USA",0.009959332017046586,0.007956110093191932,0.012284548703894515,0.18567574178903168,0.1731041158279259,0.19930011534047934,0.031049219946144326,0.02719541115295564,0.03531072269502229,0.3630257107647827,0.34790527689562334,0.37803949000649945,0.4102899934829947,0.3943038823500222,0.42589270882026226,0.1469259429092891,0.13454376189504116,0.1597045682794747,0.029186170330813187,0.024859497231859852,0.034015786003068024,0.009563628548929426,0.007318712375359997,0.012149179097183539
1993,"Men","United States of America","USA",0.009798722752639261,0.007837748869600933,0.01209114293237623,0.1943041739826979,0.18132889366470478,0.20773374001544456,0.03023343959383248,0.02644283089578325,0.034334799067909455,0.354005201970123,0.33924326161277585,0.36861483974284104,0.41165845970070736,0.39620343013338577,0.42715335268757526,0.15273965625078462,0.1401023391017055,0.16535531356646632,0.031098729841218732,0.026626727504219096,0.03599784758377044,0.010465787890694552,0.008022687248809652,0.013277336830418646
1994,"Men","United States of America","USA",0.009669682475311666,0.007747400054320616,0.01186365434752496,0.2033539977472856,0.19020126838973483,0.2164127498173257,0.029473646429940038,0.025769377944204686,0.03343971808429114,0.3450538805714768,0.3304115100448908,0.35921943516271493,0.41244879077598595,0.3973776248795775,0.42775952253091154,0.15857634410017254,0.1459671164787597,0.17108576123212094,0.0332570603673389,0.02861250936218337,0.03825938883090143,0.011520593279774163,0.008841794008056618,0.014502844978660345
1995,"Men","United States of America","USA",0.009563432204826302,0.007680777153046693,0.01167998506792365,0.2127699090464478,0.19956671618609284,0.22582331158928462,0.028774471217314614,0.025144280432998715,0.032593179540730294,0.33626089218561367,0.3220653852408733,0.35038717669730646,0.41263129334579757,0.39773089568063436,0.42775934972449503,0.1643154115700028,0.15166768531089037,0.17679374949276255,0.03570250789669999,0.030922488253774243,0.04088510686811833,0.012751989579745014,0.009891409588760577,0.015980593639417194
1996,"Men","United States of America","USA",0.009475376435760215,0.007627779594911277,0.011564171377935513,0.22250927184716043,0.20948141019418778,0.23574751847052633,0.02811943618307827,0.024685835181348863,0.031819574261429236,0.32764692343196655,0.31389940532785304,0.34163913457093187,0.41224899010203453,0.3975665494411724,0.4271415361876643,0.16986372716010587,0.15726678719608814,0.18261059261734122,0.03845764272618867,0.03352229037093334,0.04390361489168179,0.014187901960865884,0.011062902192664042,0.017680550544150065
1997,"Men","United States of America","USA",0.00940144627362092,0.007578317404282558,0.011451272685827168,0.2325610429400388,0.21956895404272442,0.24589340485979938,0.027504652010805895,0.024190679376229287,0.03107891678143747,0.3192295123874354,0.3058735753525391,0.33300566792876674,0.41130334438809896,0.39689129660741007,0.42613799825405435,0.17523881317315798,0.16266084219112553,0.18783346627621256,0.04150426795374841,0.03634555927492498,0.047253232297448475,0.015817961813132397,0.012430639834959728,0.019514249191675444
1998,"Men","United States of America","USA",0.009343181135846661,0.0075601167270347835,0.011349752587120465,0.24280020920462356,0.2297658837260972,0.2561484759779888,0.026925798755606422,0.023753874158432206,0.030313993727713564,0.3110925454675357,0.29805704680085343,0.3245455528063911,0.4098382634363877,0.3955569101929364,0.42476149718856354,0.18040627176547308,0.16782860879232828,0.19288595508426287,0.044779159759551074,0.03934415267406819,0.050752589932297684,0.017614777679599392,0.013962036474518626,0.02172062655126007
1999,"Men","United States of America","USA",0.009295396899939742,0.0075491666076392995,0.011288928786558388,0.2532967480195023,0.24027765603051246,0.26681835559070255,0.026358907865868565,0.023297384398886734,0.02969981956431729,0.3031691946048004,0.29039595058761664,0.31633672557742043,0.407879750609889,0.39372343474097415,0.4224633627242311,0.18539388650956234,0.17313846560656856,0.19778475245150345,0.048309477947851516,0.04260264100421009,0.05451587897352133,0.01959338356208844,0.01559290924003073,0.024031550470425517
2000,"Men","United States of America","USA",0.009259843296070555,0.0075236912270216175,0.01121561716284623,0.26407776539063627,0.25123972829985436,0.2774868671193219,0.025786136380329176,0.022851512266071364,0.029041339175757585,0.29538607698387864,0.28267371627465376,0.3081617700583592,0.4054901759490853,0.39154209425557535,0.4199025667713777,0.19023849797356202,0.17825020694564445,0.20229031711988796,0.052081729728941754,0.046010788933601166,0.058483148382038254,0.0217575376881325,0.017554151572698493,0.026337931627089115
2001,"Men","United States of America","USA",0.009235206114374662,0.007526902874608482,0.011201515481692797,0.27503804750018707,0.2621974351232051,0.2883372169534216,0.025187452012262752,0.02236595029604542,0.02825396036703082,0.2877660764113287,0.2752246258053261,0.30046253546207546,0.40277321596184684,0.3891893827055856,0.4167457135211912,0.19494987883500692,0.1832005432928872,0.20693426880066196,0.055994145664667545,0.0496576088788321,0.06263164548769347,0.024094023000512606,0.01964459944857542,0.028986141023712633
2002,"Men","United States of America","USA",0.00921619923264409,0.007528350743291581,0.011129984143649902,0.2859957226428634,0.27312079222858043,0.2995836992510922,0.024569199249584565,0.02187283456512989,0.027503580047087476,0.28037865404523377,0.2680368085923899,0.2928482062746872,0.3998402228296742,0.3866150524644312,0.413685245889275,0.19944754474427537,0.18783143409248848,0.21157035232367613,0.05997773894243091,0.05335456855360925,0.06697584623283537,0.026570438956157114,0.021886422201863612,0.03188345338215218
2003,"Men","United States of America","USA",0.009199639322252597,0.00752376303428352,0.011078885383775983,0.2968280145352309,0.2838423960509868,0.31036662943136534,0.023952980021299072,0.021340012084253655,0.026757853790735496,0.2732074470713934,0.2610635053011636,0.2852262591981973,0.39681191704982405,0.3838775845606131,0.4103551641994695,0.2037252389968044,0.19235804440881182,0.2158898651633336,0.06397626807600802,0.05727821409104124,0.07121752839504193,0.029126507462418464,0.0241630258810932,0.034804088728926555
2004,"Men","United States of America","USA",0.009181316143090139,0.00751590172505835,0.011038177288620063,0.30742341070148244,0.29469861499872946,0.3205766967659707,0.023346739230845192,0.020815371956552458,0.026056656652385678,0.2663083063349957,0.25455274974743214,0.2781961077372264,0.39374022558958655,0.3810439198512168,0.40688138804714913,0.20772988797907202,0.19644652880721344,0.2195964796369395,0.06795038998869354,0.06114260493633436,0.0753876152399235,0.031743132733716865,0.026465303411507837,0.03777815288844432
2005,"Men","United States of America","USA",0.009165604511165751,0.007511556968525564,0.011018213064941478,0.317626323933664,0.30477562102433087,0.33050072767391936,0.02276702668073217,0.02029892271493659,0.025410919680953267,0.2596989435369924,0.24814161253932332,0.2713046274876137,0.3907420993374455,0.3781990279386304,0.4038934154660035,0.2114367975958333,0.20012560118763253,0.22294279493253297,0.07179279239213969,0.0646841434668881,0.07943027224157453,0.034396733945691024,0.028777803641369316,0.04074749515543597
2006,"Men","United States of America","USA",0.00916031422821464,0.0075047281176967824,0.011019613425837729,0.3272941286988755,0.3146505143091533,0.3401066101912035,0.0222374459938668,0.019826250742439648,0.024828079373847838,0.25347490124496264,0.24249034839240113,0.2646498499362929,0.38783320783408043,0.3753952307850885,0.4005622835891952,0.21484235821098568,0.2035140180831263,0.22625195009340462,0.07541900023811048,0.06806366072538303,0.08309019659219671,0.03703277024977931,0.031106477101523377,0.043599528008814635
2007,"Men","United States of America","USA",0.009173471058105996,0.007485156034199154,0.010992796774669125,0.3362899059595507,0.32360433253817866,0.3491344815073641,0.02177843139655541,0.019421748367818598,0.024304912599346928,0.24775527954368465,0.23692130772242062,0.2588424248378243,0.3850029100421032,0.3725269206118736,0.397436141313313,0.2179285010713864,0.20666903351116037,0.22936313896758262,0.0787761616294473,0.0711518171397995,0.08669452567427811,0.039585243258717054,0.03346036335540025,0.04648705599772691
2008,"Men","United States of America","USA",0.009211089770525462,0.007505790164273763,0.011054325157590339,0.3445103217897865,0.331716735985231,0.35720168938833347,0.021406587426643836,0.019098611895512176,0.023957596064527166,0.24264562298661005,0.2320387539154947,0.2535232240239243,0.3822263760264341,0.3701080798436911,0.3944601203837747,0.2206843737295652,0.20943242272687607,0.23201693042520893,0.08181209440180708,0.07405289185548873,0.08995555097365021,0.04201385365841424,0.03549423828054509,0.049037035463650416
2009,"Men","United States of America","USA",0.009274630811912966,0.007547948840946653,0.011130157054429926,0.3517997151917038,0.3388426780538893,0.36455248295534587,0.021132889623976615,0.018834765724824606,0.023673641079407202,0.23831907886591247,0.2276602373423117,0.24907631163820526,0.3794736835064942,0.36747840149712047,0.39178125473748027,0.22308074232120131,0.21174571381766916,0.23446602266458705,0.08446281677448782,0.07647174488430393,0.09291054560368567,0.04425615609601461,0.03751805050539479,0.05157135602982433
2010,"Men","United States of America","USA",0.009370622241531333,0.007628645307886307,0.011249292551655344,0.35815643940743663,0.3451546382709056,0.37091053694733495,0.020967940268046107,0.018617029186226777,0.023508587935050933,0.23482816706014106,0.2242451834108003,0.24545508970345573,0.3766768290228449,0.36448105869027647,0.38929258831373387,0.22514576389527438,0.21350940599402113,0.23659807540212094,0.08674772709290107,0.0784697577212528,0.09546653254346349,0.04626294841926118,0.039297403271830296,0.05373613264889666
2011,"Men","United States of America","USA",0.009500379288631013,0.0077398917599601266,0.011491122411023355,0.36363197502261824,0.35046344679100805,0.37668820134099945,0.020898733873080153,0.018553244729828024,0.02346238331007571,0.23206645979353843,0.22134370062044895,0.24290977737685412,0.3739024500221321,0.3616090075712242,0.3865100868878651,0.22688693271278576,0.21503657789953481,0.23858243212076227,0.08871677245733135,0.08037517391466574,0.09757974930096788,0.048028269852501075,0.04088172887180031,0.055771020897500696
2012,"Men","United States of America","USA",0.009666719066085907,0.00785705313641635,0.01171122259191117,0.36838080109214516,0.3547222240521035,0.3818138206986471,0.020913550900795063,0.01847474485351,0.0235393051665589,0.22985874642199422,0.21894389707104686,0.2408998410543938,0.3711801805189796,0.3586597782447082,0.38411716868022366,0.22844087682116132,0.21664434803034452,0.24025290992437703,0.09042384465949999,0.08177560466065477,0.09960697177806153,0.049516079611483875,0.04214272956889069,0.05738638183765223
2013,"Men","United States of America","USA",0.009859759371462886,0.007949247492445985,0.012049975904878425,0.37276990673121396,0.3586654006625284,0.38726241416355817,0.02100228481680889,0.018492941974569004,0.02368104441361394,0.2278855528903221,0.21685105723982798,0.2393359389623455,0.36848249419019213,0.3555156899608185,0.38134227636879914,0.22994043720384627,0.21800770188050322,0.24199207937243464,0.09203240237995311,0.08311488136890494,0.10129942400777603,0.050797067147414596,0.04312059013647848,0.05894090634776527
2014,"Men","United States of America","USA",0.010074828172502916,0.00809543146756469,0.012399819758574045,0.37692775555644276,0.36231159527119183,0.3918438261387576,0.021146272442784476,0.018531608511062742,0.023919349433440863,0.22607122639542213,0.21475345378919392,0.2380096671637984,0.36577991543284777,0.35223743741168806,0.37922492722841705,0.23142773602991848,0.21918814578062767,0.24379230587046594,0.09356843562774442,0.0844133865059381,0.10339570346878398,0.051931583898779825,0.04405059779486323,0.06050114725326262
2015,"Men","United States of America","USA",0.01030385449787059,0.008205130280388837,0.012726349173623513,0.38089087700101165,0.36563924451558966,0.3963880890927267,0.021333040608082325,0.01860039136384862,0.024223798633031958,0.2244024484751993,0.2127681220315091,0.23675185434549514,0.363069777417836,0.3491669359218934,0.37675023049577056,0.23296829002840883,0.2199955853856435,0.24594006084290668,0.09499964230348298,0.08536445570286373,0.10543033444941634,0.052922944669119856,0.04456010646915416,0.06193952718967102
2016,"Men","United States of America","USA",0.01054415379113819,0.008291434018421506,0.01315370641764281,0.38466444104606656,0.36852908129282386,0.40052521401664387,0.021557028758370286,0.018619099166270213,0.024642957222438356,0.22286273237220372,0.21053196752192396,0.23567161884029314,0.3603716420322213,0.34570619212973175,0.3753785458122787,0.23456206067466584,0.22073682785775475,0.24819191699664964,0.0963046068772694,0.08636075740213121,0.10720040517547105,0.053797773494131305,0.044804365764747625,0.06355851124916619
2017,"Men","United States of America","USA",0.010798380880798687,0.008362134988687724,0.013617451217262483,0.38805689901451706,0.37078876952297984,0.40512870226455705,0.021808043249395493,0.018656054050520378,0.025151977960362303,0.22162978040409861,0.2085002624888003,0.23525598721237714,0.3577068944511901,0.34244079092532176,0.37365718285782945,0.23609837668531466,0.22136385769870726,0.25082727438407365,0.09738208601896513,0.08676550398309246,0.10915405037513376,0.054576436310237265,0.04506900691007793,0.06513762289462856
2018,"Men","United States of America","USA",0.011072048918620013,0.008360439807016985,0.014209391412945215,0.3909596959375726,0.37265190619293587,0.4093483216156327,0.022071312189112693,0.01864129923309158,0.025651256244632936,0.22076737486464165,0.20674815883912923,0.23533729633536427,0.35512956609005303,0.3389241142606371,0.3725018622560112,0.23748928222274526,0.22159499887375514,0.253301537381443,0.09818249840894655,0.08651554062916586,0.11096384050245661,0.05528791530588077,0.04501622001225622,0.06685065413723831
2019,"Men","United States of America","USA",0.011368506689351278,0.00831809783728765,0.01488503396494898,0.393447741423557,0.37335665793332345,0.41380413104996694,0.022342737109254548,0.018537444886638995,0.02634392453270785,0.22024970847769654,0.20474327899384168,0.23649281034368375,0.3525913043001407,0.33473338850640943,0.3715912665930794,0.23878332063972244,0.22089004648643715,0.25633158722068516,0.09869848969096363,0.08548962487151987,0.11323090597554869,0.05596593109287088,0.044668644766502744,0.06892982778530636
2020,"Men","United States of America","USA",0.011687928120985822,0.008249490495471681,0.015676042346039556,0.3956523866523794,0.37256539507508635,0.4187540828795921,0.022635820567570387,0.018436008615478693,0.02712964089466665,0.2198990434259776,0.20273210307340184,0.23817987703323354,0.3501248192330867,0.3298662268218152,0.37144343753794473,0.2400290216582846,0.2198099190621932,0.26012861496543405,0.09899512146838252,0.0840117097427929,0.1151684037077178,0.05662824352571238,0.04359598103842445,0.07136328321808812
2021,"Men","United States of America","USA",0.012028943334710229,0.008220094529107285,0.01670356456413931,0.39770776266325636,0.3714100766302269,0.42381330355547403,0.02295389749106931,0.018259074757552726,0.028084004906925676,0.2196625991083313,0.1998330165986013,0.24096276724749044,0.3476467954026329,0.32433583431263585,0.37165271444944137,0.24124631280592113,0.2179091221126708,0.26463860325337835,0.09915281004174556,0.08189836300840893,0.11783410103705601,0.0573086398155896,0.04264167531104693,0.07422191909554961
2022,"Men","United States of America","USA",0.012387256183195505,0.008134810180819659,0.01783087093178221,0.3996148782597549,0.36923999198162316,0.42925416960339,0.023290327533414854,0.01807831322856952,0.029087847575932857,0.21951442404176638,0.19687749746971422,0.24394665333856763,0.34519311198186836,0.3182321103457305,0.37241395450517506,0.24239476612598426,0.2151452612142383,0.2697874539694207,0.09921935002807204,0.07928531096216608,0.12096054354119015,0.058000762105698565,0.04143636534286919,0.07779013449892698
2023,"Men","United States of America","USA",0.012762974490253398,0.0079419517225309,0.019059383994240266,0.4015331236106199,0.36657424679293604,0.4360682345189811,0.023636898497240478,0.017767642944720535,0.03019401968038875,0.2193750508592084,0.1935439726776828,0.24728317979483838,0.3426919505426779,0.31158748632197253,0.3741677512944824,0.24353162548785498,0.2119159567820554,0.27544287755122554,0.0992722308477969,0.07632589700039255,0.12471285689625466,0.05872926727496796,0.039724430972758115,0.08160193297437933
2024,"Men","United States of America","USA",0.01315939403023967,0.007705126311294454,0.020435219856210118,0.40345761897347315,0.36329228273303543,0.44305438203616615,0.02399970132973371,0.017391863897072136,0.031476936984207324,0.21925381613453176,0.18915584359404264,0.2517583310368373,0.34012946753202167,0.3042695473999734,0.37643077185541496,0.2446416820180715,0.20842813097156299,0.28102577561477937,0.09932271230581895,0.07265813142969145,0.1283945470659986,0.05949322464958276,0.03742943231649993,0.08652340078929027
