Year,Country/Region/World,ISO,Prevalence of BMI>=30 kg/m² (obesity)
1980,Afghanistan,AFG,0.06540496403381181
1980,Albania,ALB,0.18440275052794686
1980,Algeria,DZA,0.1687776079296296
1980,American Samoa,ASM,0.17030299819304845
1980,Andorra,AND,0.1655944263963012
1980,Angola,AGO,0.16788585079187993
1980,Antigua and Barbuda,ATG,0.08152024788789894
1980,Argentina,ARG,0.07586905906959698
1980,Armenia,ARM,0.0881728467528718
1980,Australia,AUS,0.09307319524270208
1980,Austria,AUT,0.09975590475391075
1980,Azerbaijan,AZE,0.1058203045310822
1980,Bahamas,BHS,0.09052241835008877
1980,Bahrain,BHR,0.09726422216996497
1980,Bangladesh,BGD,0.10899913634527067
1980,Barbados,BRB,0.10626250570244
1980,Belarus,BLR,0.1030189208484658
1980,Belgium,BEL,0.10489695061889774
1980,Belize,BLZ,0.09897380848313561
1980,Benin,BEN,0.06733091878598431
1980,Bermuda,BMU,0.05739922158806475
1980,Bhutan,BTN,0.055530864133859784
1980,Bolivia,BOL,0.06027799764448548
1980,Bosnia and Herzegovina,BIH,0.05656999666028617
1980,Botswana,BWA,0.06500921766815042
1980,Brazil,BRA,0.0750432098048375
1980,Brunei Darussalam,BRN,0.05281530091840708
1980,Bulgaria,BGR,0.04716883335202063
1980,Burkina Faso,BFA,0.03811443756320003
1980,Burundi,BDI,0.028601802313806435
1980,Cabo Verde,CPV,0.00994149254607316
1980,Cambodia,KHM,0.027419679947809906
1980,Cameroon,CMR,0.028013404712491863
1980,Canada,CAN,0.025059380747423643
1980,Central African Republic,CAF,0.041421698950762004
1980,Chad,TCD,0.039748685402549624
1980,Chile,CHL,0.031204075783997177
1980,China,CHN,0.03389008479264191
1980,Colombia,COL,0.03595203577772457
1980,Comoros,COM,0.10019312203290223
1980,Congo,COG,0.11272710492916105
1980,Cook Islands,COK,0.10671167509356012
1980,Costa Rica,CRI,0.12305399809355277
1980,Cote d'Ivoire,CIV,0.13031837841498697
1980,Croatia,HRV,0.07627376267268467
1980,Cuba,CUB,0.10413635089384425
1980,Cyprus,CYP,0.10206318561098904
1980,Czechia,CZE,0.09356002867271712
1980,DR Congo,COD,0.08660498538606927
1980,Denmark,DNK,0.07571305053468416
1980,Djibouti,DJI,0.04393105784501128
1980,Dominica,DMA,0.05681435492583191
1980,Dominican Republic,DOM,0.07203973312453879
1980,Ecuador,ECU,0.08375889169922104
1980,Egypt,EGY,0.0743703910264238
1980,El Salvador,SLV,0.06509767065569132
1980,Equatorial Guinea,GNQ,0.07579449039711997
1980,Eritrea,ERI,0.06268316585259134
1980,Estonia,EST,0.04816680246995209
1980,Eswatini,SWZ,0.09945048667874205
1980,Ethiopia,ETH,0.1311446999540658
1980,Federated States of Micronesia,FSM,0.13040341614635423
1980,Fiji,FJI,0.1362835142295494
1980,Finland,FIN,0.19340413096543996
1980,France,FRA,0.1421943948913659
1980,French Polynesia,PYF,0.11087407808250413
1980,Gabon,GAB,0.11126148418438615
1980,Gambia,GMB,0.11342629392623152
1980,Georgia,GEO,0.05897856936513897
1980,Germany,DEU,0.07675783328071263
1980,Ghana,GHA,0.09828975659254678
1980,Greece,GRC,0.08925513183535647
1980,Greenland,GRL,0.07505009219720313
1980,Grenada,GRD,0.07318235748610599
1980,Guatemala,GTM,0.05054468144939961
1980,Guinea,GIN,0.04009355222909298
1980,Guinea Bissau,GNB,0.028305670140209592
1980,Guyana,GUY,0.030386712914918335
1980,Haiti,HTI,0.04984477689036727
1980,Honduras,HND,0.06203553582902185
1980,Hungary,HUN,0.05014675674717902
1980,Iceland,ISL,0.048199661462506926
1980,India,IND,0.055005164735324394
1980,Indonesia,IDN,0.06386671131786453
1980,Iran,IRN,0.06798211550641092
1980,Iraq,IRQ,0.09296901038226542
1980,Ireland,IRL,0.11840613632527
1980,Israel,ISR,0.1144546373125516
1980,Italy,ITA,0.08791835353284069
1980,Jamaica,JAM,0.10657685850222762
1980,Japan,JPN,0.10401859380927785
1980,Jordan,JOR,0.07943370065666253
1980,Kazakhstan,KAZ,0.11017866480509146
1980,Kenya,KEN,0.15338242118766693
1980,Kiribati,KIR,0.13238094557914032
1980,Kuwait,KWT,0.11103204200417197
1980,Kyrgyzstan,KGZ,0.13753832344795552
1980,Lao PDR,LAO,0.11498652978265116
1980,Latvia,LVA,0.08076505296867661
1980,Lebanon,LBN,0.06661742035716106
1980,Lesotho,LSO,0.09446275737839269
1980,Liberia,LBR,0.10872499714637551
1980,Libya,LBY,0.10836851328618753
1980,Lithuania,LTU,0.09718281644390356
1980,Luxembourg,LUX,0.09674159946563235
1980,Madagascar,MDG,0.07285961714989433
1980,Malawi,MWI,0.03419477905128056
1980,Malaysia,MYS,0.014483260890029492
1980,Maldives,MDV,0.057973192440536295
1980,Mali,MLI,0.11440105851920461
1980,Malta,MLT,0.11699992114862859
1980,Marshall Islands,MHL,0.12295128292096871
1980,Mauritania,MRT,0.13955141316428493
1980,Mauritius,MUS,0.13053365256991145
1980,Mexico,MEX,0.08653842723205854
1980,Moldova,MDA,0.09473135586736006
1980,Mongolia,MNG,0.09629615841480373
1980,Montenegro,MNE,0.08055147735329701
1980,Morocco,MAR,0.04757287085323108
1980,Mozambique,MOZ,0.04092710016857936
1980,Myanmar,MMR,0.15512092669416028
1980,Namibia,NAM,0.14317115952020487
1980,Nauru,NRU,0.15400849554828389
1980,Nepal,NPL,0.16721828908012065
1980,Netherlands,NLD,0.1762961614053531
1980,New Zealand,NZL,0.04661103112382005
1980,Nicaragua,NIC,0.04873300386242767
1980,Niger,NER,0.11891000316187553
1980,Nigeria,NGA,0.10580047447117454
1980,Niue,NIU,0.11704588084572184
1980,North Korea,PRK,0.12864890125215284
1980,North Macedonia,MKD,0.15148495488545138
1980,Norway,NOR,0.07171853518964835
1980,Oman,OMN,0.12422422626295608
1980,Pakistan,PAK,0.12774702119480347
1980,Palau,PLW,0.1295893230016382
1980,Palestine,PSE,0.12517920088111573
1980,Panama,PAN,0.13878539699249084
1980,Papua New Guinea,PNG,0.09726401227639334
1980,Paraguay,PRY,0.06772952783140979
1980,Peru,PER,0.07888082757172943
1980,Philippines,PHL,0.08038876760210674
1980,Poland,POL,0.08736675468266937
1980,Portugal,PRT,0.10628655810896503
1980,Puerto Rico,PRI,0.12013071629765862
1980,Qatar,QAT,0.12671229326460592
1980,Romania,ROU,0.10509699571447847
1980,Russian Federation,RUS,0.10785070651179385
1980,Rwanda,RWA,0.0880524959657397
1980,Saint Kitts and Nevis,KNA,0.0899983976130278
1980,Saint Lucia,LCA,0.11583254418398625
1980,Saint Vincent and the Grenadines,VCT,0.11880668374719608
1980,Samoa,WSM,0.12558910667056083
1980,Sao Tome and Principe,STP,0.11520289882203857
1980,Saudi Arabia,SAU,0.12236109325648277
1980,Senegal,SEN,0.08320444159206766
1980,Serbia,SRB,0.08127737391642784
1980,Seychelles,SYC,0.057297869613851395
1980,Sierra Leone,SLE,0.07918329666741145
1980,Singapore,SGP,0.07416529513339641
1980,Slovakia,SVK,0.07757874698474675
1980,Slovenia,SVN,0.0802222312332493
1980,Solomon Islands,SLB,0.09276761495698516
1980,Somalia,SOM,0.07093056662244149
1980,South Africa,ZAF,0.05383261611725174
1980,South Korea,KOR,0.057272825496870385
1980,South Sudan,SSD,0.05371723038650862
1980,Spain,ESP,0.03771716113848471
1980,Sri Lanka,LKA,0.04961878053570057
1980,Sudan,SDN,0.06097066645161653
1980,Suriname,SUR,0.05142814071444668
1980,Sweden,SWE,0.07775025636388588
1980,Switzerland,CHE,0.07603921242815101
1980,Syrian Arab Republic,SYR,0.07506203056230218
1980,Taiwan,TWN,0.06382105725925705
1980,Tajikistan,TJK,0.05201918311271555
1980,Tanzania,TZA,0.025038013905903423
1980,Thailand,THA,0.022164415726477614
1980,Timor-Leste,TLS,0.09926449773712405
1980,Togo,TGO,0.1777973136160238
1980,Tokelau,TKL,0.1954830998840614
1980,Tonga,TON,0.21376291666282335
1980,Trinidad and Tobago,TTO,0.24024011718989455
1980,Tunisia,TUN,0.1656329152869102
1980,Turkiye,TUR,0.16397756905237718
1980,Turkmenistan,TKM,0.14353438377726627
1980,Tuvalu,TUV,0.15753593379376704
1980,Uganda,UGA,0.1650272612643217
1980,Ukraine,UKR,0.1634996666573867
1980,United Arab Emirates,ARE,0.10881552825145073
1980,United Kingdom,GBR,0.12464015739086994
1980,United States of America,USA,0.10676519517753225
1980,Uruguay,URY,0.09499445781408969
1980,Uzbekistan,UZB,0.0971008635039426
1980,Vanuatu,VUT,0.07272733123424269
1980,Venezuela,VEN,0.06033790995360712
1980,Viet Nam,VNM,0.04871948550136114
1980,Yemen,YEM,0.03606165101682179
1980,Zambia,ZMB,0.021957458664216174
1980,Zimbabwe,ZWE,0.04314940921011055
1990,Afghanistan,AFG,0.06411978173939699
1990,Albania,ALB,0.18946575832045032
1990,Algeria,DZA,0.20078567801130598
1990,American Samoa,ASM,0.20259061164338674
1990,Andorra,AND,0.20453557550189214
1990,Angola,AGO,0.2102263977071997
1990,Antigua and Barbuda,ATG,0.10591436704453897
1990,Argentina,ARG,0.1094144187298605
1990,Armenia,ARM,0.12283987680504879
1990,Australia,AUS,0.12351269789594135
1990,Austria,AUT,0.1357856409932544
1990,Azerbaijan,AZE,0.149292874980042
1990,Bahamas,BHS,0.1235857305403663
1990,Bahrain,BHR,0.13559161814735965
1990,Bangladesh,BGD,0.14473798636073432
1990,Barbados,BRB,0.13094849632156447
1990,Belarus,BLR,0.12850110216630317
1990,Belgium,BEL,0.13213747200023696
1990,Belize,BLZ,0.125623205999463
1990,Benin,BEN,0.09429726853865636
1990,Bermuda,BMU,0.08736179338121305
1990,Bhutan,BTN,0.07571342324906048
1990,Bolivia,BOL,0.08301842944255751
1990,Bosnia and Herzegovina,BIH,0.07592922868312446
1990,Botswana,BWA,0.08955209011351625
1990,Brazil,BRA,0.09610441370485139
1990,Brunei Darussalam,BRN,0.07243788826893223
1990,Bulgaria,BGR,0.06278613873144845
1990,Burkina Faso,BFA,0.051965836325081984
1990,Burundi,BDI,0.03593414945571269
1990,Cabo Verde,CPV,0.0182111394056668
1990,Cambodia,KHM,0.04577934641729797
1990,Cameroon,CMR,0.047102254189253526
1990,Canada,CAN,0.04204226288027439
1990,Central African Republic,CAF,0.06864317017483415
1990,Chad,TCD,0.06455545118805424
1990,Chile,CHL,0.05115044198350359
1990,China,CHN,0.05499308306123631
1990,Colombia,COL,0.058688386184087504
1990,Comoros,COM,0.12991710648190521
1990,Congo,COG,0.15033579249095597
1990,Cook Islands,COK,0.1403426253643246
1990,Costa Rica,CRI,0.15775868545585908
1990,Cote d'Ivoire,CIV,0.16695084655278683
1990,Croatia,HRV,0.09798702646885568
1990,Cuba,CUB,0.11502538160006157
1990,Cyprus,CYP,0.112157666854996
1990,Czechia,CZE,0.10414349904529582
1990,DR Congo,COD,0.09425647476992523
1990,Denmark,DNK,0.08838759633383556
1990,Djibouti,DJI,0.06556648178191961
1990,Dominica,DMA,0.08291971889509786
1990,Dominican Republic,DOM,0.1068116560501341
1990,Ecuador,ECU,0.1257066241979708
1990,Egypt,EGY,0.11314151983640393
1990,El Salvador,SLV,0.09732336885681399
1990,Equatorial Guinea,GNQ,0.10518463748152987
1990,Eritrea,ERI,0.08598118875262663
1990,Estonia,EST,0.06290749035984054
1990,Eswatini,SWZ,0.12088158384788558
1990,Ethiopia,ETH,0.1580531174496443
1990,Federated States of Micronesia,FSM,0.15794174206995476
1990,Fiji,FJI,0.15762763419945083
1990,Finland,FIN,0.22685877823429018
1990,France,FRA,0.16914053629413464
1990,French Polynesia,PYF,0.13343038326983186
1990,Gabon,GAB,0.13602192775851196
1990,Gambia,GMB,0.14358942747705092
1990,Georgia,GEO,0.07969970597253406
1990,Germany,DEU,0.09584692874236969
1990,Ghana,GHA,0.121272601724375
1990,Greece,GRC,0.11416356345202186
1990,Greenland,GRL,0.0998578792054845
1990,Grenada,GRD,0.09627191265111994
1990,Guatemala,GTM,0.07232313227150527
1990,Guinea,GIN,0.06271298946478118
1990,Guinea Bissau,GNB,0.045820808460152435
1990,Guyana,GUY,0.04944301412789774
1990,Haiti,HTI,0.07435565288903609
1990,Honduras,HND,0.09108282576864583
1990,Hungary,HUN,0.07381647981287283
1990,Iceland,ISL,0.07061005054110543
1990,India,IND,0.07580202872751947
1990,Indonesia,IDN,0.08834602772444192
1990,Iran,IRN,0.09500362650117897
1990,Iraq,IRQ,0.12333341225720565
1990,Ireland,IRL,0.1457568752299362
1990,Israel,ISR,0.14408903536918183
1990,Italy,ITA,0.10790184344424118
1990,Jamaica,JAM,0.12989252352338093
1990,Japan,JPN,0.1249485286302586
1990,Jordan,JOR,0.10422835337776075
1990,Kazakhstan,KAZ,0.14698497185225562
1990,Kenya,KEN,0.20435864761771905
1990,Kiribati,KIR,0.17221768428114664
1990,Kuwait,KWT,0.15015169474043624
1990,Kyrgyzstan,KGZ,0.17637425677674437
1990,Lao PDR,LAO,0.14214811688972184
1990,Latvia,LVA,0.09673811878600966
1990,Lebanon,LBN,0.08310846045455386
1990,Lesotho,LSO,0.11970397334134812
1990,Liberia,LBR,0.12924153990388493
1990,Libya,LBY,0.1250864594270385
1990,Lithuania,LTU,0.11068171503196052
1990,Luxembourg,LUX,0.1095136774199583
1990,Madagascar,MDG,0.08065047120445201
1990,Malawi,MWI,0.048366514594325206
1990,Malaysia,MYS,0.02571738897081316
1990,Maldives,MDV,0.07080648980154038
1990,Mali,MLI,0.13800261558506696
1990,Malta,MLT,0.14129286133854138
1990,Marshall Islands,MHL,0.15046319515410445
1990,Mauritania,MRT,0.17733209735176675
1990,Mauritius,MUS,0.16812046353067375
1990,Mexico,MEX,0.11527628056183578
1990,Moldova,MDA,0.12069332520524459
1990,Mongolia,MNG,0.12002648835389655
1990,Montenegro,MNE,0.09361223830747173
1990,Morocco,MAR,0.06032883875577644
1990,Mozambique,MOZ,0.05560321060693272
1990,Myanmar,MMR,0.17156805464981528
1990,Namibia,NAM,0.155884793565944
1990,Nauru,NRU,0.1692335564081346
1990,Nepal,NPL,0.19258244652314352
1990,Netherlands,NLD,0.20687813212353934
1990,New Zealand,NZL,0.07345134847973027
1990,Nicaragua,NIC,0.0772577466293555
1990,Niger,NER,0.16086575104740838
1990,Nigeria,NGA,0.1377574013226721
1990,Niue,NIU,0.14223304525092775
1990,North Korea,PRK,0.15718145010485557
1990,North Macedonia,MKD,0.18405132910488792
1990,Norway,NOR,0.09014386020786656
1990,Oman,OMN,0.1530317645823973
1990,Pakistan,PAK,0.1645219871398144
1990,Palau,PLW,0.1706063729987367
1990,Palestine,PSE,0.16717988558734384
1990,Panama,PAN,0.18550052040293416
1990,Papua New Guinea,PNG,0.13641599122107967
1990,Paraguay,PRY,0.09773656192490722
1990,Peru,PER,0.1037719410948135
1990,Philippines,PHL,0.1005246209550491
1990,Poland,POL,0.11165801385962806
1990,Portugal,PRT,0.13759699673219467
1990,Puerto Rico,PRI,0.15178321084234744
1990,Qatar,QAT,0.15596385080744254
1990,Romania,ROU,0.13218828336812363
1990,Russian Federation,RUS,0.1365149424619351
1990,Rwanda,RWA,0.11394160183884965
1990,Saint Kitts and Nevis,KNA,0.12213406417155581
1990,Saint Lucia,LCA,0.16789727736737914
1990,Saint Vincent and the Grenadines,VCT,0.1737068354715891
1990,Samoa,WSM,0.17784287017628692
1990,Sao Tome and Principe,STP,0.1609143718790713
1990,Saudi Arabia,SAU,0.16123607469318849
1990,Senegal,SEN,0.10977768808124613
1990,Serbia,SRB,0.10623875961748463
1990,Seychelles,SYC,0.0703373776646817
1990,Sierra Leone,SLE,0.09260067816793696
1990,Singapore,SGP,0.09018471304987002
1990,Slovakia,SVK,0.08951379767325081
1990,Slovenia,SVN,0.0928280168136192
1990,Solomon Islands,SLB,0.11587850998583046
1990,Somalia,SOM,0.09226301842272817
1990,South Africa,ZAF,0.07198264163701959
1990,South Korea,KOR,0.07520830531778505
1990,South Sudan,SSD,0.07060885318478873
1990,Spain,ESP,0.048157755731612864
1990,Sri Lanka,LKA,0.06640288007980935
1990,Sudan,SDN,0.0808485560715051
1990,Suriname,SUR,0.06691024189276419
1990,Sweden,SWE,0.100732746919306
1990,Switzerland,CHE,0.09795845368128597
1990,Syrian Arab Republic,SYR,0.09289084330750738
1990,Taiwan,TWN,0.07893787948515031
1990,Tajikistan,TJK,0.06990405726971541
1990,Tanzania,TZA,0.03443885956406373
1990,Thailand,THA,0.031207618893202883
1990,Timor-Leste,TLS,0.12391134712040064
1990,Togo,TGO,0.2178176007623546
1990,Tokelau,TKL,0.24052788863938263
1990,Tonga,TON,0.2647820540673776
1990,Trinidad and Tobago,TTO,0.299691327801656
1990,Tunisia,TUN,0.2097776761941376
1990,Turkiye,TUR,0.2078629286674943
1990,Turkmenistan,TKM,0.18056576933659543
1990,Tuvalu,TUV,0.18993825133837966
1990,Uganda,UGA,0.1986223956374529
1990,Ukraine,UKR,0.20416456628277385
1990,United Arab Emirates,ARE,0.14627923820313127
1990,United Kingdom,GBR,0.16891441261902224
1990,United States of America,USA,0.15290850604298084
1990,Uruguay,URY,0.13451014004608447
1990,Uzbekistan,UZB,0.13608365306464182
1990,Vanuatu,VUT,0.0982669208610553
1990,Venezuela,VEN,0.08035925635227159
1990,Viet Nam,VNM,0.06679780370729485
1990,Yemen,YEM,0.05008934909331114
1990,Zambia,ZMB,0.028456903971738882
1990,Zimbabwe,ZWE,0.05131886237885236
2000,Afghanistan,AFG,0.08461614877067658
2000,Albania,ALB,0.2174598619833926
2000,Algeria,DZA,0.23222207235918782
2000,American Samoa,ASM,0.23359269812806724
2000,Andorra,AND,0.2441235629018
2000,Angola,AGO,0.2539594611448873
2000,Antigua and Barbuda,ATG,0.14423758414861687
2000,Argentina,ARG,0.1562118385279555
2000,Armenia,ARM,0.17030708617371887
2000,Australia,AUS,0.16421352737617942
2000,Austria,AUT,0.18471379932877072
2000,Azerbaijan,AZE,0.2073915548798782
2000,Bahamas,BHS,0.16911995584985606
2000,Bahrain,BHR,0.1889172560169389
2000,Bangladesh,BGD,0.19646128785339895
2000,Barbados,BRB,0.16813294096588996
2000,Belarus,BLR,0.16800191401337364
2000,Belgium,BEL,0.1753478783512833
2000,Belize,BLZ,0.1683764303442325
2000,Benin,BEN,0.13665663976140777
2000,Bermuda,BMU,0.13425784898793308
2000,Bhutan,BTN,0.11008925733163695
2000,Bolivia,BOL,0.12028095575577766
2000,Bosnia and Herzegovina,BIH,0.10822578322126249
2000,Botswana,BWA,0.1295115897192139
2000,Brazil,BRA,0.13080554644406264
2000,Brunei Darussalam,BRN,0.10502953576585561
2000,Bulgaria,BGR,0.08911666561086574
2000,Burkina Faso,BFA,0.07706395507235622
2000,Burundi,BDI,0.0506615585654223
2000,Cabo Verde,CPV,0.035800568919282946
2000,Cambodia,KHM,0.07415198519800414
2000,Cameroon,CMR,0.07710860098740072
2000,Canada,CAN,0.06837350769718091
2000,Central African Republic,CAF,0.10882676188739315
2000,Chad,TCD,0.0993174719932671
2000,Chile,CHL,0.0820703991636248
2000,China,CHN,0.08794125806602986
2000,Colombia,COL,0.09364026649378172
2000,Comoros,COM,0.16337595340886846
2000,Congo,COG,0.19442081958152016
2000,Cook Islands,COK,0.18003826457562505
2000,Costa Rica,CRI,0.19956551391093885
2000,Cote d'Ivoire,CIV,0.2113675999865725
2000,Croatia,HRV,0.1359191933772566
2000,Cuba,CUB,0.1398638285340122
2000,Cyprus,CYP,0.13492706513545424
2000,Czechia,CZE,0.12496084502132285
2000,DR Congo,COD,0.11105389527830725
2000,Denmark,DNK,0.10988293482667344
2000,Djibouti,DJI,0.09971160229536846
2000,Dominica,DMA,0.12320982884954487
2000,Dominican Republic,DOM,0.15898259198033987
2000,Ecuador,ECU,0.1868541683847948
2000,Egypt,EGY,0.17041887918405163
2000,El Salvador,SLV,0.14357250911943928
2000,Equatorial Guinea,GNQ,0.14982551420571805
2000,Eritrea,ERI,0.12363015780846628
2000,Estonia,EST,0.08901557796501582
2000,Eswatini,SWZ,0.14768229574167707
2000,Ethiopia,ETH,0.1914289303518622
2000,Federated States of Micronesia,FSM,0.19019702607706906
2000,Fiji,FJI,0.18283288014445298
2000,Finland,FIN,0.26030457973002485
2000,France,FRA,0.2024887014648818
2000,French Polynesia,PYF,0.1633282384897945
2000,Gabon,GAB,0.16837869591761792
2000,Gambia,GMB,0.18119884730222272
2000,Georgia,GEO,0.11446464084716224
2000,Germany,DEU,0.13071353000587127
2000,Ghana,GHA,0.1607175794831904
2000,Greece,GRC,0.1567644217669086
2000,Greenland,GRL,0.1440488642347708
2000,Grenada,GRD,0.13744673523320491
2000,Guatemala,GTM,0.10936195165393532
2000,Guinea,GIN,0.1010492564010536
2000,Guinea Bissau,GNB,0.0772834855093066
2000,Guyana,GUY,0.08283124530319408
2000,Haiti,HTI,0.11444589244463794
2000,Honduras,HND,0.13598494839934666
2000,Hungary,HUN,0.11078039416719805
2000,Iceland,ISL,0.10537484438861085
2000,India,IND,0.1069427931748439
2000,Indonesia,IDN,0.1232274345650588
2000,Iran,IRN,0.13308613468154173
2000,Iraq,IRQ,0.16750270993559097
2000,Ireland,IRL,0.19047532263759667
2000,Israel,ISR,0.1938899674736562
2000,Italy,ITA,0.14571005378378482
2000,Jamaica,JAM,0.16945958542605305
2000,Japan,JPN,0.15848954386560396
2000,Jordan,JOR,0.1388579019962869
2000,Kazakhstan,KAZ,0.18255519819653546
2000,Kenya,KEN,0.25391627089677427
2000,Kiribati,KIR,0.21060901330002632
2000,Kuwait,KWT,0.18853607501011177
2000,Kyrgyzstan,KGZ,0.21584915680629524
2000,Lao PDR,LAO,0.17869958017101076
2000,Latvia,LVA,0.12395240129642415
2000,Lebanon,LBN,0.11153119685533266
2000,Lesotho,LSO,0.15828391708889325
2000,Liberia,LBR,0.16317367081611006
2000,Libya,LBY,0.154547529480091
2000,Lithuania,LTU,0.1350748665393535
2000,Luxembourg,LUX,0.13190245941505538
2000,Madagascar,MDG,0.0992467407132684
2000,Malawi,MWI,0.07211463707089456
2000,Malaysia,MYS,0.046931318835492356
2000,Maldives,MDV,0.09815068750553183
2000,Mali,MLI,0.1713502700834056
2000,Malta,MLT,0.1754801296736685
2000,Marshall Islands,MHL,0.18760521989719955
2000,Mauritania,MRT,0.22451522696636977
2000,Mauritius,MUS,0.21271396648442953
2000,Mexico,MEX,0.1569423239209436
2000,Moldova,MDA,0.15722374635786834
2000,Mongolia,MNG,0.15506291239747452
2000,Montenegro,MNE,0.11690190335317482
2000,Morocco,MAR,0.08163785524710643
2000,Mozambique,MOZ,0.07933060862393997
2000,Myanmar,MMR,0.19092432292081762
2000,Namibia,NAM,0.1699557059345982
2000,Nauru,NRU,0.18703487136594243
2000,Nepal,NPL,0.22425559269837952
2000,Netherlands,NLD,0.24479731923509576
2000,New Zealand,NZL,0.11368953343625046
2000,Nicaragua,NIC,0.12115805295183665
2000,Niger,NER,0.21060434015841265
2000,Nigeria,NGA,0.17400977217873959
2000,Niue,NIU,0.17016071938629646
2000,North Korea,PRK,0.19070444588338945
2000,North Macedonia,MKD,0.2213578094834708
2000,Norway,NOR,0.12111740321594644
2000,Oman,OMN,0.1890951433803501
2000,Pakistan,PAK,0.20905618740225887
2000,Palau,PLW,0.22014634133272507
2000,Palestine,PSE,0.21614594744830082
2000,Panama,PAN,0.23965619689106094
2000,Papua New Guinea,PNG,0.1894196956653591
2000,Paraguay,PRY,0.14002275264558198
2000,Peru,PER,0.1390376066612473
2000,Philippines,PHL,0.13409191732147568
2000,Poland,POL,0.15052318312693394
2000,Portugal,PRT,0.18482206079866878
2000,Puerto Rico,PRI,0.20256983593498923
2000,Qatar,QAT,0.20425031940227178
2000,Romania,ROU,0.17465118920385464
2000,Russian Federation,RUS,0.1812247176120647
2000,Rwanda,RWA,0.15701106785487673
2000,Saint Kitts and Nevis,KNA,0.17115678442814627
2000,Saint Lucia,LCA,0.23179704923026606
2000,Saint Vincent and the Grenadines,VCT,0.24329737645695823
2000,Samoa,WSM,0.2427141182664821
2000,Sao Tome and Principe,STP,0.2164289722347139
2000,Saudi Arabia,SAU,0.20746579354919326
2000,Senegal,SEN,0.1498354968704921
2000,Serbia,SRB,0.1432401309728703
2000,Seychelles,SYC,0.09453667579045374
2000,Sierra Leone,SLE,0.11742733922910313
2000,Singapore,SGP,0.11682964359613968
2000,Slovakia,SVK,0.10940798393106657
2000,Slovenia,SVN,0.11341461074598425
2000,Solomon Islands,SLB,0.14807777865320837
2000,Somalia,SOM,0.12116436425659705
2000,South Africa,ZAF,0.09800687278339239
2000,South Korea,KOR,0.10418337729663638
2000,South Sudan,SSD,0.09810605526001884
2000,Spain,ESP,0.0682348248388758
2000,Sri Lanka,LKA,0.09595716054626519
2000,Sudan,SDN,0.11468847161148554
2000,Suriname,SUR,0.09421196629027447
2000,Sweden,SWE,0.13638611981653712
2000,Switzerland,CHE,0.13175604870352303
2000,Syrian Arab Republic,SYR,0.12062362856584871
2000,Taiwan,TWN,0.10321268636629903
2000,Tajikistan,TJK,0.09646827766015773
2000,Tanzania,TZA,0.05040034416625418
2000,Thailand,THA,0.047545527723688266
2000,Timor-Leste,TLS,0.14807411870668194
2000,Togo,TGO,0.25187431653380277
2000,Tokelau,TKL,0.28125749033948455
2000,Tonga,TON,0.3138061916807753
2000,Trinidad and Tobago,TTO,0.3568998119659096
2000,Tunisia,TUN,0.25926477904723505
2000,Turkiye,TUR,0.256414323523728
2000,Turkmenistan,TKM,0.22042764583073726
2000,Tuvalu,TUV,0.2254028233272344
2000,Uganda,UGA,0.23482036520097593
2000,Ukraine,UKR,0.24979790829815113
2000,United Arab Emirates,ARE,0.1976730370221051
2000,United Kingdom,GBR,0.2292529892270557
2000,United States of America,USA,0.21540993325031285
2000,Uruguay,URY,0.18934442250295838
2000,Uzbekistan,UZB,0.1885898821805582
2000,Vanuatu,VUT,0.13306629963160488
2000,Venezuela,VEN,0.10830435297055023
2000,Viet Nam,VNM,0.09115564265908559
2000,Yemen,YEM,0.07141797746753042
2000,Zambia,ZMB,0.042844511816692646
2000,Zimbabwe,ZWE,0.06979050779716074
2010,Afghanistan,AFG,0.1208333431352689
2010,Albania,ALB,0.25469858593642847
2010,Algeria,DZA,0.27119122583575395
2010,American Samoa,ASM,0.26872826008287176
2010,Andorra,AND,0.28487953685129286
2010,Angola,AGO,0.29879389367898235
2010,Antigua and Barbuda,ATG,0.1905031040279033
2010,Argentina,ARG,0.20760492112154286
2010,Armenia,ARM,0.22025915522487344
2010,Australia,AUS,0.20950863522859894
2010,Austria,AUT,0.23599291157347208
2010,Azerbaijan,AZE,0.2638886374514772
2010,Bahamas,BHS,0.2170448006175111
2010,Bahrain,BHR,0.2475472954819588
2010,Bangladesh,BGD,0.25095983457160476
2010,Barbados,BRB,0.20923343775239917
2010,Belarus,BLR,0.21287778914118224
2010,Belgium,BEL,0.2239698460578914
2010,Belize,BLZ,0.21577456152128396
2010,Benin,BEN,0.1853975710486478
2010,Bermuda,BMU,0.18999880716184797
2010,Bhutan,BTN,0.1557292568523207
2010,Bolivia,BOL,0.168519167223386
2010,Bosnia and Herzegovina,BIH,0.15359531050781203
2010,Botswana,BWA,0.1855416669592817
2010,Brazil,BRA,0.18097990093588187
2010,Brunei Darussalam,BRN,0.15255191480290675
2010,Bulgaria,BGR,0.12986987634225824
2010,Burkina Faso,BFA,0.11524448579671276
2010,Burundi,BDI,0.07389826583563558
2010,Cabo Verde,CPV,0.06112520322796524
2010,Cambodia,KHM,0.10420268337242182
2010,Cameroon,CMR,0.10979698498345485
2010,Canada,CAN,0.09675169481119339
2010,Central African Republic,CAF,0.150067243674939
2010,Chad,TCD,0.1350096887267145
2010,Chile,CHL,0.12025623192431441
2010,China,CHN,0.12941001559641505
2010,Colombia,COL,0.13663455540170527
2010,Comoros,COM,0.20516270575227674
2010,Congo,COG,0.24578874645914964
2010,Cook Islands,COK,0.22677857255174172
2010,Costa Rica,CRI,0.2513720325216327
2010,Cote d'Ivoire,CIV,0.2671794441977323
2010,Croatia,HRV,0.18532658878419064
2010,Cuba,CUB,0.18094431973039132
2010,Cyprus,CYP,0.17303113458393338
2010,Czechia,CZE,0.15382214270793523
2010,DR Congo,COD,0.13553864184213207
2010,Denmark,DNK,0.14007100421283192
2010,Djibouti,DJI,0.13908239510384995
2010,Dominica,DMA,0.17055059413377716
2010,Dominican Republic,DOM,0.21920853141636173
2010,Ecuador,ECU,0.2541789030498102
2010,Egypt,EGY,0.2340098327791611
2010,El Salvador,SLV,0.1949314712805992
2010,Equatorial Guinea,GNQ,0.1974763051312009
2010,Eritrea,ERI,0.16644221550992921
2010,Estonia,EST,0.1207854621110375
2010,Eswatini,SWZ,0.17852143132406897
2010,Ethiopia,ETH,0.23246047290618038
2010,Federated States of Micronesia,FSM,0.22967352769930427
2010,Fiji,FJI,0.21298091261835558
2010,Finland,FIN,0.2970857836067786
2010,France,FRA,0.2418288181378053
2010,French Polynesia,PYF,0.19786312474954132
2010,Gabon,GAB,0.21015934549499554
2010,Gambia,GMB,0.22586961284639046
2010,Georgia,GEO,0.15877876382373862
2010,Germany,DEU,0.1762002390775076
2010,Ghana,GHA,0.2085238189512128
2010,Greece,GRC,0.20400807572067864
2010,Greenland,GRL,0.1985524472714718
2010,Grenada,GRD,0.1895715270870343
2010,Guatemala,GTM,0.15582264757255365
2010,Guinea,GIN,0.1502585880555018
2010,Guinea Bissau,GNB,0.118775043168412
2010,Guyana,GUY,0.12590309841095132
2010,Haiti,HTI,0.1650650962553383
2010,Honduras,HND,0.18856336405179128
2010,Hungary,HUN,0.15504437400896245
2010,Iceland,ISL,0.14949198726739088
2010,India,IND,0.1457614519981954
2010,Indonesia,IDN,0.1636306746754258
2010,Iran,IRN,0.17562176192622272
2010,Iraq,IRQ,0.21421276385236787
2010,Ireland,IRL,0.2366707874247244
2010,Israel,ISR,0.24696440253649574
2010,Italy,ITA,0.18665449846684173
2010,Jamaica,JAM,0.21071508500067143
2010,Japan,JPN,0.19619195048577764
2010,Jordan,JOR,0.1779893017334221
2010,Kazakhstan,KAZ,0.21353944931711508
2010,Kenya,KEN,0.2913045004576983
2010,Kiribati,KIR,0.24476323456121216
2010,Kuwait,KWT,0.22204356578399
2010,Kyrgyzstan,KGZ,0.25067550076221723
2010,Lao PDR,LAO,0.21736798683767464
2010,Latvia,LVA,0.16255632080552354
2010,Lebanon,LBN,0.15013502274342616
2010,Lesotho,LSO,0.20425171306345158
2010,Liberia,LBR,0.2061126589052867
2010,Libya,LBY,0.19073730071012568
2010,Lithuania,LTU,0.16469646872957736
2010,Luxembourg,LUX,0.15772937831867467
2010,Madagascar,MDG,0.12540320294032928
2010,Malawi,MWI,0.10270260463960121
2010,Malaysia,MYS,0.07976417108445263
2010,Maldives,MDV,0.13725058495135797
2010,Mali,MLI,0.21208820827543878
2010,Malta,MLT,0.21484391995790694
2010,Marshall Islands,MHL,0.22570413829584268
2010,Mauritania,MRT,0.26846199138579135
2010,Mauritius,MUS,0.2538158523515794
2010,Mexico,MEX,0.2032565431799196
2010,Moldova,MDA,0.1993012895903181
2010,Mongolia,MNG,0.19922625981959516
2010,Montenegro,MNE,0.1526425238944768
2010,Morocco,MAR,0.11555699659912952
2010,Mozambique,MOZ,0.11050515534951824
2010,Myanmar,MMR,0.21809186418484705
2010,Namibia,NAM,0.19144859995917307
2010,Nauru,NRU,0.20892512397917318
2010,Nepal,NPL,0.256908629473629
2010,Netherlands,NLD,0.28338694242638685
2010,New Zealand,NZL,0.15382607998154496
2010,Nicaragua,NIC,0.16490329550076308
2010,Niger,NER,0.2594418606058531
2010,Nigeria,NGA,0.21361370058095722
2010,Niue,NIU,0.20446037891914887
2010,North Korea,PRK,0.23021648675576278
2010,North Macedonia,MKD,0.2658669362956769
2010,Norway,NOR,0.16663836435646476
2010,Oman,OMN,0.23423782657483083
2010,Pakistan,PAK,0.25864406033658305
2010,Palau,PLW,0.27694376033164525
2010,Palestine,PSE,0.2692211350457439
2010,Panama,PAN,0.29438151616049496
2010,Papua New Guinea,PNG,0.25008189441815354
2010,Paraguay,PRY,0.1918365677479196
2010,Peru,PER,0.18288439860444863
2010,Philippines,PHL,0.17650062848526446
2010,Poland,POL,0.19564094370275525
2010,Portugal,PRT,0.2360283808664098
2010,Puerto Rico,PRI,0.2663265269155367
2010,Qatar,QAT,0.2641187678396374
2010,Romania,ROU,0.2296647404775662
2010,Russian Federation,RUS,0.23831321315998905
2010,Rwanda,RWA,0.21274680726988476
2010,Saint Kitts and Nevis,KNA,0.22425778808374375
2010,Saint Lucia,LCA,0.29649875638209455
2010,Saint Vincent and the Grenadines,VCT,0.3148275601292766
2010,Samoa,WSM,0.3118483591871145
2010,Sao Tome and Principe,STP,0.2756409608713313
2010,Saudi Arabia,SAU,0.25916213245484965
2010,Senegal,SEN,0.1985473694085328
2010,Serbia,SRB,0.18715278278052158
2010,Seychelles,SYC,0.12892504876269778
2010,Sierra Leone,SLE,0.15546924980048166
2010,Singapore,SGP,0.15231087567622587
2010,Slovakia,SVK,0.1375555539032632
2010,Slovenia,SVN,0.14412495607874404
2010,Solomon Islands,SLB,0.18447463496142835
2010,Somalia,SOM,0.1512743301952288
2010,South Africa,ZAF,0.12814825905279786
2010,South Korea,KOR,0.13353221394146797
2010,South Sudan,SSD,0.1260698338125777
2010,Spain,ESP,0.09243211252157416
2010,Sri Lanka,LKA,0.13001051882550257
2010,Sudan,SDN,0.15035298901552435
2010,Suriname,SUR,0.12842439099367456
2010,Sweden,SWE,0.17618142666677047
2010,Switzerland,CHE,0.16867204704192776
2010,Syrian Arab Republic,SYR,0.15432668207281652
2010,Taiwan,TWN,0.13678921233628427
2010,Tajikistan,TJK,0.1329604259156219
2010,Tanzania,TZA,0.0770734072686359
2010,Thailand,THA,0.07598373174133884
2010,Timor-Leste,TLS,0.177042511526873
2010,Togo,TGO,0.2892593445072749
2010,Tokelau,TKL,0.32258053004789095
2010,Tonga,TON,0.36383632102446783
2010,Trinidad and Tobago,TTO,0.40969291492433657
2010,Tunisia,TUN,0.3105255350968049
2010,Turkiye,TUR,0.3043161423503798
2010,Turkmenistan,TKM,0.2623624217406668
2010,Tuvalu,TUV,0.2636450794202549
2010,Uganda,UGA,0.27189457698682024
2010,Ukraine,UKR,0.2894616415534853
2010,United Arab Emirates,ARE,0.24376752585811362
2010,United Kingdom,GBR,0.2838993059631365
2010,United States of America,USA,0.2778346798037056
2010,Uruguay,URY,0.24848903245663698
2010,Uzbekistan,UZB,0.24418136215929231
2010,Vanuatu,VUT,0.1725508069720581
2010,Venezuela,VEN,0.14159949707158262
2010,Viet Nam,VNM,0.11563577299275458
2010,Yemen,YEM,0.0957123926094243
2010,Zambia,ZMB,0.06979703073120304
2010,Zimbabwe,ZWE,0.1043742325337893
2020,Afghanistan,AFG,0.16936996275598937
2020,Albania,ALB,0.3021532005257733
2020,Algeria,DZA,0.3128738882418427
2020,American Samoa,ASM,0.30098661537675936
2020,Andorra,AND,0.3199514088465006
2020,Angola,AGO,0.34260424496523373
2020,Antigua and Barbuda,ATG,0.23772233829908385
2020,Argentina,ARG,0.2622292868358052
2020,Armenia,ARM,0.271434911089279
2020,Australia,AUS,0.2589785013466819
2020,Austria,AUT,0.2825149158644479
2020,Azerbaijan,AZE,0.3086900925926102
2020,Bahamas,BHS,0.2583715335351454
2020,Bahrain,BHR,0.30046357176523186
2020,Bangladesh,BGD,0.29184780970639795
2020,Barbados,BRB,0.23975955687781605
2020,Belarus,BLR,0.25014839144080203
2020,Belgium,BEL,0.26261961834346537
2020,Belize,BLZ,0.2530919816336283
2020,Benin,BEN,0.23280352446056662
2020,Bermuda,BMU,0.24802971253614156
2020,Bhutan,BTN,0.20543987363179922
2020,Bolivia,BOL,0.22057317498353055
2020,Bosnia and Herzegovina,BIH,0.20999846124178329
2020,Botswana,BWA,0.2532065572229768
2020,Brazil,BRA,0.23833324114083992
2020,Brunei Darussalam,BRN,0.20970058296936167
2020,Bulgaria,BGR,0.18173498628086815
2020,Burkina Faso,BFA,0.1582923671129384
2020,Burundi,BDI,0.09996725574753784
2020,Cabo Verde,CPV,0.08919742643683067
2020,Cambodia,KHM,0.12929003933681918
2020,Cameroon,CMR,0.13827990084236924
2020,Canada,CAN,0.12069871981427145
2020,Central African Republic,CAF,0.18787824109363388
2020,Chad,TCD,0.17286792849378338
2020,Chile,CHL,0.16711956618496684
2020,China,CHN,0.1793345099637588
2020,Colombia,COL,0.18855524797808723
2020,Comoros,COM,0.2545952710017737
2020,Congo,COG,0.3016529605679807
2020,Cook Islands,COK,0.27791641157692165
2020,Costa Rica,CRI,0.3059860731591384
2020,Cote d'Ivoire,CIV,0.3266189529652788
2020,Croatia,HRV,0.23007705449161656
2020,Cuba,CUB,0.21978378899951334
2020,Cyprus,CYP,0.20873234482680242
2020,Czechia,CZE,0.17840054759568424
2020,DR Congo,COD,0.15607629827957376
2020,Denmark,DNK,0.17293864006166193
2020,Djibouti,DJI,0.1787497492910215
2020,Dominica,DMA,0.22060093191281532
2020,Dominican Republic,DOM,0.2800513034424662
2020,Ecuador,ECU,0.3196216565771087
2020,Egypt,EGY,0.2957224189656606
2020,El Salvador,SLV,0.24549295665626714
2020,Equatorial Guinea,GNQ,0.23422436496814805
2020,Eritrea,ERI,0.20164880146115333
2020,Estonia,EST,0.1464784280451028
2020,Eswatini,SWZ,0.2044508754896257
2020,Ethiopia,ETH,0.27060399422983156
2020,Federated States of Micronesia,FSM,0.27398731033460566
2020,Fiji,FJI,0.24361921485439
2020,Finland,FIN,0.3352830638157336
2020,France,FRA,0.28204811026185067
2020,French Polynesia,PYF,0.23035310715598273
2020,Gabon,GAB,0.2516440060879501
2020,Gambia,GMB,0.2696357371608652
2020,Georgia,GEO,0.19956534731894485
2020,Germany,DEU,0.21196690384381456
2020,Ghana,GHA,0.24440801914364743
2020,Greece,GRC,0.2370091452727693
2020,Greenland,GRL,0.2461945752592743
2020,Grenada,GRD,0.23739494440727169
2020,Guatemala,GTM,0.20451101733705715
2020,Guinea,GIN,0.2051290974656493
2020,Guinea Bissau,GNB,0.16599742022417746
2020,Guyana,GUY,0.1737883556055613
2020,Haiti,HTI,0.21693283873228397
2020,Honduras,HND,0.23813597010366205
2020,Hungary,HUN,0.19709622973317067
2020,Iceland,ISL,0.19582349441450347
2020,India,IND,0.18510927510067782
2020,Indonesia,IDN,0.20287155988985256
2020,Iran,IRN,0.2155306770397198
2020,Iraq,IRQ,0.24821787072253132
2020,Ireland,IRL,0.2593050029295737
2020,Israel,ISR,0.2762408248534727
2020,Italy,ITA,0.2081582151782515
2020,Jamaica,JAM,0.2278943476972189
2020,Japan,JPN,0.22145625921555587
2020,Jordan,JOR,0.2115671278143317
2020,Kazakhstan,KAZ,0.2371345407203381
2020,Kenya,KEN,0.3132682315176155
2020,Kiribati,KIR,0.2778782837097834
2020,Kuwait,KWT,0.25339921537522647
2020,Kyrgyzstan,KGZ,0.2783349403804503
2020,Lao PDR,LAO,0.2480951360130038
2020,Latvia,LVA,0.20151324645797203
2020,Lebanon,LBN,0.18949220820934073
2020,Lesotho,LSO,0.24283687711242768
2020,Liberia,LBR,0.24220121288707297
2020,Libya,LBY,0.21974364106479918
2020,Lithuania,LTU,0.18734299888004566
2020,Luxembourg,LUX,0.17277229910213318
2020,Madagascar,MDG,0.14663458474890287
2020,Malawi,MWI,0.1359757437192782
2020,Malaysia,MYS,0.12045828560865054
2020,Maldives,MDV,0.1754521124976375
2020,Mali,MLI,0.2482109089220365
2020,Malta,MLT,0.2487467766314305
2020,Marshall Islands,MHL,0.25401415845519976
2020,Mauritania,MRT,0.3019629070043016
2020,Mauritius,MUS,0.2862698054238773
2020,Mexico,MEX,0.24621942916689182
2020,Moldova,MDA,0.23699946785495268
2020,Mongolia,MNG,0.23943164870416506
2020,Montenegro,MNE,0.18608655158898918
2020,Morocco,MAR,0.1538885320328795
2020,Mozambique,MOZ,0.14189355931639586
2020,Myanmar,MMR,0.25132054174047147
2020,Namibia,NAM,0.22217499562997092
2020,Nauru,NRU,0.23416027238635578
2020,Nepal,NPL,0.28599173699644265
2020,Netherlands,NLD,0.318467701221879
2020,New Zealand,NZL,0.18670200193850509
2020,Nicaragua,NIC,0.19846286815049693
2020,Niger,NER,0.30130773367586494
2020,Nigeria,NGA,0.25512217071862453
2020,Niue,NIU,0.24091210248550426
2020,North Korea,PRK,0.2679331520625105
2020,North Macedonia,MKD,0.3072660671298057
2020,Norway,NOR,0.21696176861839556
2020,Oman,OMN,0.27958445238946267
2020,Pakistan,PAK,0.3028642574373242
2020,Palau,PLW,0.33432906015670366
2020,Palestine,PSE,0.32442197357891545
2020,Panama,PAN,0.34704881221785966
2020,Papua New Guinea,PNG,0.31686922713970833
2020,Paraguay,PRY,0.2579353368332937
2020,Peru,PER,0.2327764513103375
2020,Philippines,PHL,0.21717665559617752
2020,Poland,POL,0.23342638282506362
2020,Portugal,PRT,0.26863983403280106
2020,Puerto Rico,PRI,0.31181147453105207
2020,Qatar,QAT,0.30507797166913003
2020,Romania,ROU,0.27553024847558816
2020,Russian Federation,RUS,0.28447434557987006
2020,Rwanda,RWA,0.2612493653364661
2020,Saint Kitts and Nevis,KNA,0.26746631429121276
2020,Saint Lucia,LCA,0.3555921257503237
2020,Saint Vincent and the Grenadines,VCT,0.3790034998690319
2020,Samoa,WSM,0.3726827366400911
2020,Sao Tome and Principe,STP,0.32847488177177325
2020,Saudi Arabia,SAU,0.3049529691245874
2020,Senegal,SEN,0.2437388390639798
2020,Serbia,SRB,0.2263488563453075
2020,Seychelles,SYC,0.17010112090101975
2020,Sierra Leone,SLE,0.19969166512538816
2020,Singapore,SGP,0.19428095552186586
2020,Slovakia,SVK,0.17192154359627368
2020,Slovenia,SVN,0.18360441772844144
2020,Solomon Islands,SLB,0.2178122166390386
2020,Somalia,SOM,0.1807072788135534
2020,South Africa,ZAF,0.15881034095434549
2020,South Korea,KOR,0.15106356253320208
2020,South Sudan,SSD,0.14335173610404514
2020,Spain,ESP,0.11332257842354279
2020,Sri Lanka,LKA,0.15818978797566896
2020,Sudan,SDN,0.17659021047332585
2020,Suriname,SUR,0.16386414121120768
2020,Sweden,SWE,0.2108000251741013
2020,Switzerland,CHE,0.20025275975374082
2020,Syrian Arab Republic,SYR,0.18519592650531824
2020,Taiwan,TWN,0.17133559849013952
2020,Tajikistan,TJK,0.17635643541978502
2020,Tanzania,TZA,0.11605058829989587
2020,Thailand,THA,0.1171464216002888
2020,Timor-Leste,TLS,0.21502308895449906
2020,Togo,TGO,0.33687171761986195
2020,Tokelau,TKL,0.36893549460406966
2020,Tonga,TON,0.4149409879643432
2020,Trinidad and Tobago,TTO,0.453861921964401
2020,Tunisia,TUN,0.3552357698196998
2020,Turkiye,TUR,0.3425556054139659
2020,Turkmenistan,TKM,0.2985225549745949
2020,Tuvalu,TUV,0.29383157461409964
2020,Uganda,UGA,0.30170974322360566
2020,Ukraine,UKR,0.3144842735468662
2020,United Arab Emirates,ARE,0.26680142532100026
2020,United Kingdom,GBR,0.31607914803433007
2020,United States of America,USA,0.32673557366420425
2020,Uruguay,URY,0.30185179317194455
2020,Uzbekistan,UZB,0.2943493943059328
2020,Vanuatu,VUT,0.21653905584091807
2020,Venezuela,VEN,0.17673047160217653
2020,Viet Nam,VNM,0.1392792290697004
2020,Yemen,YEM,0.12050118041970478
2020,Zambia,ZMB,0.1095654749914533
2020,Zimbabwe,ZWE,0.15257942560932286
